Dataset,expID,num_rules,length,rule_coverage,rule_coverageSTD,set_coverage,ibs,cr,h,run_time
actg320,0,2,1.0,0.5,0.11859252823631625,1.0,0,0.0,0.0,4.351786
actg320,1,2,1.0,0.5,0.11859252823631625,1.0,0,0.0,0.0,3.70551
actg320,2,2,1.0,0.5,0.11859252823631625,1.0,0,0.0,0.0,4.81767
actg320,3,2,1.0,0.5,0.11859252823631625,1.0,0,0.0,0.0,3.032186
actg320,4,4,1.0,0.4613379669852302,0.10778669353338484,1.0,0,0.3024799527472268,0.0,7.061914
actg320,5,2,1.0,0.5,0.11859252823631625,1.0,0,0.0,0.0,4.109527
actg320,6,2,1.0,0.5,0.11859252823631625,1.0,0,0.0,0.0,7.98717
actg320,7,4,2.0,0.342745438748914,0.18504678494647595,0.9600347523892268,0,0.34841142159955335,0.1856429778066551,17.14206
actg320,8,2,1.0,0.5,0.11859252823631625,1.0,0,0.0,0.0,5.464005
actg320,9,4,1.75,0.40312771503040834,0.17502149921310137,0.9721980886185926,0,0.3729993034542698,0.1436989641878639,10.797405
actg320,10,2,1.0,0.5,0.11859252823631625,1.0,0,0.0,0.0,5.878939
actg320,11,2,1.0,0.5,0.11859252823631625,1.0,0,0.0,0.0,2.546474
actg320,12,4,1.5,0.32971329278887923,0.19128272313851585,1.0,0,0.3369173165569566,0.0,8.390597
actg320,13,4,1.25,0.4000868809730669,0.19252762861895079,1.0,0,0.37480980047562135,0.0,8.006495
actg320,14,2,1.0,0.5,0.11859252823631625,1.0,0,0.0,0.0,10.126062
actg320,15,3,1.3333333333333333,0.366637706342311,0.21200737701378927,1.0,0,0.1635228930677705,0.0,6.538256
actg320,16,2,1.0,0.5,0.11859252823631625,1.0,0,0.0,0.0,3.098067
actg320,17,2,1.0,0.5,0.11859252823631625,1.0,0,0.0,0.0,2.850709
actg320,18,2,1.0,0.5,0.11859252823631625,1.0,0,0.0,0.0,3.895981
actg320,19,3,1.0,0.44801621778163914,0.12157611770590301,1.0,0,0.33581995252154623,0.0,4.821646
actg320,20,2,1.0,0.5,0.11859252823631625,1.0,0,0.0,0.0,3.821215
actg320,21,2,1.0,0.5,0.11859252823631625,1.0,0,0.0,0.0,3.185851
actg320,22,2,1.0,0.5,0.11859252823631625,1.0,0,0.0,0.0,5.599661
actg320,23,3,1.0,0.38604112366058496,0.18801429775969644,1.0,0,0.2298897921700245,0.0,7.238765
actg320,24,3,1.0,0.44801621778163914,0.12157611770590301,1.0,0,0.33581995252154656,0.0,4.483235
actg320,25,3,1.0,0.40110049232551404,0.17011275791515185,1.0,0,0.26920932041514034,0.0,16.186544
actg320,26,3,1.0,0.3996524761077324,0.17180039659909424,1.0,0,0.2658532592956348,0.0,4.620121
actg320,27,2,1.0,0.5,0.11859252823631625,1.0,0,0.0,0.0,4.070592
actg320,28,3,1.0,0.38604112366058496,0.18801429775969644,1.0,0,0.2298897921700245,0.0,5.178739
actg320,29,3,1.0,0.38604112366058496,0.18801429775969644,1.0,0,0.2298897921700245,0.0,4.289013
breast-cancer,0,7,1.2857142857142858,0.36078717201166177,0.13629542724788105,1.0,0,0.34545454545454535,0.0,90.327486
breast-cancer,1,6,1.5,0.39965986394557823,0.13660602468042993,0.9948979591836735,0,0.3641988710377769,0.03885056042915922,92.59661
breast-cancer,2,7,1.7142857142857142,0.3075801749271137,0.153345564020538,0.9795918367346939,0,0.3345584679369376,0.11458591518602465,90.561463
breast-cancer,3,10,1.6,0.25816326530612244,0.18821206591927364,0.9693877551020408,0,0.36299104622086104,0.15397185745083833,181.850403
breast-cancer,4,6,1.6666666666666667,0.33588435374149656,0.2469165789952928,0.9540816326530612,0,0.2892146732110565,0.20409726318395954,105.838604
breast-cancer,5,7,1.2857142857142858,0.32580174927113703,0.18649494262311833,0.9795918367346939,0,0.3648815230790307,0.11458591518602465,143.099
breast-cancer,6,9,1.7777777777777777,0.2738095238095238,0.22094448479573975,1.0,0,0.3047914818101163,0.0,163.823007
breast-cancer,7,8,1.5,0.33482142857142855,0.16230460130812452,0.9846938775510204,0,0.37258503401360393,0.09229205117439876,136.82321100000001
breast-cancer,8,9,1.5555555555555556,0.2976190476190476,0.17366935253360194,1.0,0,0.34925170068027095,0.0,158.893248
breast-cancer,9,5,2.0,0.3857142857142857,0.12508223034543417,0.9489795918367347,0,0.34580498866213194,0.21901947700142071,82.185969
breast-cancer,10,9,1.6666666666666667,0.23299319727891155,0.13297971294098376,0.9540816326530612,0,0.33217885694423754,0.20409726318395954,147.666213
breast-cancer,11,10,1.7,0.31581632653061226,0.21134338071748202,0.9948979591836735,0,0.3242309848010287,0.03885056042915922,167.377994
breast-cancer,12,10,1.9,0.2596938775510204,0.15376454059434483,0.9897959183673469,0,0.343109738984002,0.06749703922566538,141.341372
breast-cancer,13,9,1.6666666666666667,0.29535147392290245,0.20175035301165734,1.0,0,0.3040659641975794,0.0,116.212306
breast-cancer,14,6,1.3333333333333333,0.37244897959183676,0.2638960434618609,0.9897959183673469,0,0.3193085453359428,0.06749703922566538,82.920591
breast-cancer,15,6,1.5,0.38860544217687076,0.2175491830488284,0.9897959183673469,0,0.30551958201223556,0.06749703922566538,101.110682
breast-cancer,16,11,2.1818181818181817,0.21428571428571427,0.1388246120707268,0.9693877551020408,0,0.4010513296227583,0.15397185745083833,185.044371
breast-cancer,17,11,2.090909090909091,0.2527829313543599,0.18263160025095623,0.9795918367346939,0,0.3188541471634525,0.11458591518602465,174.13323
breast-cancer,18,4,1.0,0.5038265306122449,0.1101009887222529,0.9795918367346939,0,0.29431671402738296,0.30294141902746174,57.806763
breast-cancer,19,11,2.0,0.2365491651205937,0.1409774414954573,0.9744897959183674,0,0.3768507402961194,0.135019942582343,171.591899
breast-cancer,20,12,1.9166666666666667,0.22704081632653061,0.11242834421819838,1.0,0,0.33887487579301406,0.0,185.858569
breast-cancer,21,8,1.375,0.2755102040816326,0.15468946873260747,0.9591836734693877,0,0.35128495842781626,0.18835550384143707,98.459592
breast-cancer,22,7,1.2857142857142858,0.3469387755102041,0.17004858975414214,0.9489795918367347,0,0.3583433373349347,0.21901947700142071,92.874601
breast-cancer,23,9,1.6666666666666667,0.23469387755102042,0.12783415287732067,0.9642857142857143,0,0.3042245883860791,0.17169124721634302,145.543584
breast-cancer,24,6,1.3333333333333333,0.38010204081632654,0.22702170675522107,0.9795918367346939,0,0.3752454001734926,0.11458591518602465,87.048562
breast-cancer,25,12,2.0833333333333335,0.21003401360544216,0.1602456905394968,0.9540816326530612,0,0.38112451458316177,0.20409726318395954,171.838833
breast-cancer,26,11,2.272727272727273,0.1901669758812616,0.10132146509026456,0.9489795918367347,0,0.34514683922349504,0.21901947700142071,153.551449
breast-cancer,27,11,1.9090909090909092,0.2880333951762523,0.20110731050065955,0.9948979591836735,0,0.34660192579447185,0.03885056042915922,193.823953
breast-cancer,28,10,1.9,0.28622448979591836,0.21249800939852126,1.0,0,0.29262614136563736,0.0,117.094029
breast-cancer,29,2,1.0,0.4770408163265306,0.18112244897959184,0.9540816326530612,0,0.04591836734693878,0.20409726318395954,33.342518
cancer,0,4,1.25,0.33630952380952384,0.1888181181614512,1.0,0,0.3696797302992004,0.0,4.304648
cancer,1,6,1.5,0.2698412698412699,0.18947114141492719,1.0,0,0.36869747899159655,0.0,4.66469
cancer,2,4,1.5,0.30952380952380953,0.21245914639969937,1.0,0,0.30448717948718046,0.0,7.262818
cancer,3,6,1.5,0.28075396825396826,0.18434504482908137,1.0,0,0.3579841830725237,0.0,6.070469
cancer,4,8,1.5,0.23288690476190477,0.16006364936066944,0.9404761904761905,0,0.4014529134337435,0.24228507904115462,14.524963
cancer,5,4,1.5,0.30357142857142855,0.21374767108304135,1.0,0,0.29411764705882504,0.0,3.481829
cancer,6,5,1.2,0.3119047619047619,0.18017533662362795,1.0,0,0.35023627771719484,0.0,2.83554
cancer,7,4,1.25,0.31994047619047616,0.2006391696276898,1.0,0,0.3357142857142869,0.0,2.286902
cancer,8,6,1.5,0.25892857142857145,0.19046843982246808,1.0,0,0.45812807881773393,0.0,5.583221
cancer,9,7,1.4285714285714286,0.2619047619047619,0.17680532541995952,1.0,0,0.37878787878787906,0.0,5.418608
cancer,10,4,1.0,0.3318452380952381,0.18834254199087036,1.0,0,0.36408285287209285,0.0,3.684246
cancer,11,5,1.4,0.2857142857142857,0.1944889809701847,1.0,0,0.407142857142855,0.0,3.194542
cancer,12,4,1.0,0.35267857142857145,0.1707293424156434,1.0,0,0.41591320072332894,0.0,4.042253
cancer,13,6,1.3333333333333333,0.28769841269841273,0.17649810481354034,1.0,0,0.3605911330049272,0.0,3.140647
cancer,14,4,1.0,0.35267857142857145,0.1707293424156434,1.0,0,0.41591320072332894,0.0,5.968208
cancer,15,6,1.1666666666666667,0.2837301587301587,0.15386901563762934,0.9404761904761905,0,0.3738761238761238,0.24228507904115462,11.064543
cancer,16,4,1.0,0.35267857142857145,0.1707293424156434,1.0,0,0.41591320072332894,0.0,2.001698
cancer,17,6,1.1666666666666667,0.30654761904761907,0.1609254198091176,1.0,0,0.3530975496994901,0.0,7.71354
cancer,18,5,1.0,0.33809523809523806,0.1554654338873656,1.0,0,0.3549631120053656,0.0,2.754747
cancer,19,4,1.25,0.31994047619047616,0.2006391696276898,1.0,0,0.33571428571428663,0.0,4.914989
cancer,20,5,1.2,0.2976190476190476,0.1650860422947507,0.9404761904761905,0,0.36019047619047745,0.24228507904115462,9.554626
cancer,21,5,1.2,0.2976190476190476,0.1650860422947507,0.9404761904761905,0,0.3601904761904775,0.24228507904115462,11.261134
cancer,22,6,1.5,0.2698412698412699,0.18947114141492719,1.0,0,0.36869747899159655,0.0,6.873459
cancer,23,4,1.0,0.35267857142857145,0.1707293424156434,1.0,0,0.41591320072332894,0.0,1.857085
cancer,24,5,1.4,0.29404761904761906,0.19253353213851457,1.0,0,0.45691150954309007,0.0,5.004535
cancer,25,6,1.1666666666666667,0.28769841269841273,0.1701265961129049,1.0,0,0.5158456486042691,0.0,4.741455
cancer,26,4,1.0,0.35267857142857145,0.1707293424156434,1.0,0,0.41591320072332894,0.0,5.215238
cancer,27,5,1.2,0.30238095238095236,0.18286117307066593,1.0,0,0.475628046494187,0.0,4.378452
cancer,28,4,1.0,0.35267857142857145,0.1707293424156434,1.0,0,0.41591320072332894,0.0,3.507819
cancer,29,6,1.3333333333333333,0.2648809523809524,0.16754128505997107,0.9404761904761905,0,0.3905831995719633,0.24228507904115462,11.635241
carcinoma,0,6,1.1666666666666667,0.3756476683937824,0.18301111759990904,0.9896373056994818,0,0.2826752426895362,0.0683156169665086,4.291583
carcinoma,1,2,1.0,0.4792746113989637,0.25647668393782386,0.9585492227979274,0,0.04145077720207276,0.19036091346188935,1.813198
carcinoma,2,3,1.0,0.47322970639032813,0.20958675535989493,0.9792746113989638,0,0.3393215082636803,0.11590584533198095,2.513346
carcinoma,3,4,1.75,0.2849740932642487,0.26594497723956145,0.9740932642487047,0,0.22557701365991592,0.13654220057981134,2.337822
carcinoma,4,6,1.1666666666666667,0.3540587219343696,0.19756422253823866,0.9948186528497409,0,0.3364842663970681,0.039339155633513374,6.210605
carcinoma,5,6,1.1666666666666667,0.35578583765112265,0.19608659039012052,0.9896373056994818,0,0.2504401629860655,0.0683156169665086,6.816004
carcinoma,6,7,1.4285714285714286,0.3182827535159142,0.1959903256575831,0.9896373056994818,0,0.2917459934931919,0.0683156169665086,7.623865
carcinoma,7,2,1.0,0.4792746113989637,0.25647668393782386,0.9585492227979274,0,0.04145077720207276,0.19036091346188935,1.644647
carcinoma,8,2,1.0,0.4792746113989637,0.25647668393782386,0.9585492227979274,0,0.04145077720207276,0.19036091346188935,0.999398
carcinoma,9,3,1.6666666666666667,0.3385146804835924,0.2889294768135674,0.9585492227979274,0,0.06904938141059538,0.19036091346188935,2.251983
carcinoma,10,5,1.2,0.41243523316062175,0.1790858271035284,0.9896373056994818,0,0.3138490379357935,0.0683156169665086,4.408282
carcinoma,11,5,1.0,0.38860103626943004,0.19919567654653975,0.9896373056994818,0,0.33224179620034633,0.0683156169665086,5.032723
carcinoma,12,2,1.0,0.4792746113989637,0.25647668393782386,0.9585492227979274,0,0.04145077720207276,0.19036091346188935,1.169903
carcinoma,13,7,1.1428571428571428,0.3308660251665433,0.19152828282905834,0.9948186528497409,0,0.30062245714087005,0.039339155633513374,5.623109
carcinoma,14,5,1.0,0.38860103626943004,0.19919567654653975,0.9896373056994818,0,0.3322417962003463,0.0683156169665086,3.681989
carcinoma,15,3,1.0,0.43350604490500866,0.21918724786580257,0.9740932642487047,0,0.32522758706108096,0.13654220057981134,2.435544
carcinoma,16,6,1.1666666666666667,0.3739205526770294,0.1847791861156494,1.0,0,0.3358422381505105,0.0,4.575482
carcinoma,17,2,1.0,0.4792746113989637,0.25647668393782386,0.9585492227979274,0,0.04145077720207276,0.19036091346188935,1.130053
carcinoma,18,5,1.0,0.38860103626943004,0.19919567654653975,0.9896373056994818,0,0.3322417962003463,0.0683156169665086,4.749506
carcinoma,19,5,1.2,0.3709844559585492,0.1958686290677554,0.9896373056994818,0,0.35424204706631574,0.0683156169665086,4.974894
carcinoma,20,2,1.0,0.4792746113989637,0.25647668393782386,0.9585492227979274,0,0.04145077720207276,0.19036091346188935,1.61672
carcinoma,21,3,1.0,0.43350604490500866,0.21918724786580257,0.9740932642487047,0,0.32522758706108096,0.13654220057981134,3.6604
carcinoma,22,2,1.0,0.4792746113989637,0.25647668393782386,0.9585492227979274,0,0.04145077720207276,0.19036091346188935,1.153993
carcinoma,23,2,1.0,0.4792746113989637,0.25647668393782386,0.9585492227979274,0,0.04145077720207276,0.19036091346188935,1.035308
carcinoma,24,8,1.375,0.297279792746114,0.19998485640270486,0.9948186528497409,0,0.3062413220901483,0.039339155633513374,7.460882
carcinoma,25,8,1.5,0.2862694300518135,0.19296170877382426,0.9948186528497409,0,0.31191240944364995,0.039339155633513374,9.245993
carcinoma,26,5,1.0,0.38860103626943004,0.19919567654653975,0.9896373056994818,0,0.3322417962003463,0.0683156169665086,2.580177
carcinoma,27,6,1.1666666666666667,0.35578583765112265,0.19608659039012052,0.9896373056994818,0,0.2504401629860655,0.0683156169665086,5.00076
carcinoma,28,4,1.25,0.38860103626943004,0.20513816471325547,0.9792746113989638,0,0.37924006908462987,0.11590584533198095,2.746485
carcinoma,29,2,1.0,0.4792746113989637,0.25647668393782386,0.9585492227979274,0,0.04145077720207276,0.19036091346188935,3.540624
gbsg2,0,7,1.4285714285714286,0.21886713869221158,0.14844781487277628,1.0,0,0.34222578524409947,0.0,6.461889
gbsg2,1,7,1.0,0.3227821740941274,0.1861537921829214,1.0,0,0.2751058026897396,0.0,6.280334
gbsg2,2,7,1.0,0.27905039566847145,0.1506672165197537,0.9518950437317785,0,0.3028066663765749,0.21058765502168197,4.102181
gbsg2,3,7,1.1428571428571428,0.29841732611411914,0.13050099544798352,1.0,0,0.35793326402437803,0.0,4.677616
gbsg2,4,6,1.0,0.337220602526725,0.18459796846514281,0.9518950437317785,0,0.29360785071541856,0.21058765502168197,5.426625
gbsg2,5,5,1.2,0.29912536443148685,0.14935083513798214,0.9548104956268222,0,0.36014923931143494,0.20190076112152194,6.901788
gbsg2,6,7,1.5714285714285714,0.3100791336942941,0.20086976073493348,1.0,0,0.21308448544917216,0.0,5.241124
gbsg2,7,7,1.2857142857142858,0.3067471886713869,0.16848446904123973,1.0,0,0.275697244274491,0.0,6.343207
gbsg2,8,8,1.0,0.27769679300291544,0.15228876299382363,1.0,0,0.31779190866447843,0.0,6.673425
gbsg2,9,7,1.0,0.3129945855893378,0.16036635083389414,1.0,0,0.2918962851750371,0.0,4.593833
gbsg2,10,6,1.1666666666666667,0.2490281827016521,0.13507495731023336,0.956268221574344,0,0.364821161914248,0.19745659638036267,4.326528
gbsg2,11,6,1.0,0.336734693877551,0.1849551131892116,0.9533527696793003,0,0.2936360691462712,0.20627707364071426,5.25615
gbsg2,12,6,1.0,0.3454810495626822,0.1503861756810436,1.0,0,0.2753687370065565,0.0,5.566216
gbsg2,13,7,1.2857142857142858,0.248646397334444,0.153117454899751,0.9533527696793003,0,0.3133353844050181,0.20627707364071426,7.793104
gbsg2,14,6,1.0,0.3454810495626822,0.1503861756810436,1.0,0,0.2753687370065565,0.0,4.163048
gbsg2,15,6,1.3333333333333333,0.26239067055393583,0.15917050177424266,0.9723032069970845,0,0.35315840621963185,0.14330700845751504,5.514395
gbsg2,16,7,1.2857142857142858,0.3067471886713869,0.16848446904123973,1.0,0,0.275697244274491,0.0,5.254083
gbsg2,17,7,1.1428571428571428,0.25260308204914617,0.1395826869074266,1.0,0,0.36732771073333814,0.0,6.76006
gbsg2,18,6,1.1666666666666667,0.2750242954324587,0.13860581480570205,1.0,0,0.37906025610648697,0.0,6.136752
gbsg2,19,6,1.1666666666666667,0.28304178814382897,0.14100165635439119,0.9723032069970845,0,0.31299065303619567,0.14330700845751504,6.329243
gbsg2,20,6,1.1666666666666667,0.2490281827016521,0.13507495731023336,0.956268221574344,0,0.364821161914248,0.19745659638036267,5.588664
gbsg2,21,6,1.0,0.35689990281827016,0.17966813158813114,1.0,0,0.24798409103989885,0.0,4.422358
gbsg2,22,6,1.0,0.3194849368318756,0.15910021205645997,0.9518950437317785,0,0.3102783536010821,0.21058765502168197,5.574264
gbsg2,23,5,1.2,0.29912536443148685,0.14935083513798214,0.9548104956268222,0,0.36014923931143494,0.20190076112152194,6.886757
gbsg2,24,6,1.3333333333333333,0.26239067055393583,0.15220036501809053,0.9504373177842566,0,0.3782150955620347,0.21483449773668234,4.812249
gbsg2,25,6,1.3333333333333333,0.2628765792031098,0.15897383502639212,0.9810495626822158,0,0.3006445250400125,0.10842729682858945,5.24306
gbsg2,26,8,1.0,0.28389212827988336,0.14560987638413933,1.0,0,0.317264041138184,0.0,4.93798
gbsg2,27,7,1.4285714285714286,0.22844648063306958,0.15845251016039902,1.0,0,0.42053466783249555,0.0,5.31493
gbsg2,28,6,1.0,0.3114674441205053,0.15883119226919146,1.0,0,0.29276413039029253,0.0,4.209855
gbsg2,29,7,1.2857142857142858,0.3067471886713869,0.16848446904123973,1.0,0,0.275697244274491,0.0,5.602265
lung,0,5,1.2,0.37380688124306327,0.2672215415988506,1.0,0,0.30240745964499766,0.0,5.105483
lung,1,5,1.2,0.37980022197558266,0.169059436736539,1.0,0,0.42244119949845194,0.0,3.676318
lung,2,5,1.2,0.37380688124306327,0.2672215415988506,1.0,0,0.30240745964499766,0.0,3.305292
lung,3,5,1.2,0.42219755826859046,0.23016267002921165,1.0,0,0.4275480801212819,0.0,3.730124
lung,4,5,1.4,0.39844617092119866,0.24429721396187357,1.0,0,0.2598041792004522,0.0,3.678226
lung,5,5,1.0,0.41886792452830185,0.12412504618977918,1.0,0,0.2595314515403325,0.0,5.603211
lung,6,4,1.0,0.4542175360710322,0.09331352598782872,1.0,0,0.16467144020388594,0.0,3.876794
lung,7,5,1.2,0.3635960044395117,0.16193054096339754,1.0,0,0.2217235225004368,0.0,5.019837
lung,8,5,1.2,0.33140954495005553,0.2071480609481323,1.0,0,0.2974978311662347,0.0,4.610839
lung,9,7,1.0,0.34358649120025364,0.1326688589256206,1.0,0,0.2895874808639542,0.0,7.434363
lung,10,3,1.0,0.561228264890862,0.16835140324382544,1.0,0,0.29204202171907484,0.19608131187691488,6.67343
lung,11,3,1.0,0.5135035146133925,0.20209397386234054,0.9911209766925638,0,0.39595934072612343,0.41058791039308246,3.153701
lung,12,6,1.1666666666666667,0.3810580836108028,0.24447704716587357,1.0,0,0.3512192493777176,0.0,5.29693
lung,13,6,1.1666666666666667,0.3076211616722161,0.1964383750450581,1.0,0,0.34378318204600505,0.0,8.119503
lung,14,5,1.2,0.37380688124306327,0.2672215415988506,1.0,0,0.30240745964499766,0.0,3.692264
lung,15,4,1.0,0.4300776914539401,0.09385033395616756,1.0,0,0.23421717804589556,0.0,2.800588
lung,16,6,1.0,0.41583425823159453,0.20180830745228934,1.0,0,0.3368528839051902,0.0,5.384743
lung,17,5,1.2,0.397558268590455,0.16739578865649063,1.0,0,0.3397428627909561,0.0,4.00347
lung,18,7,1.1428571428571428,0.30093546852703346,0.17411639197480008,1.0,0,0.3368543791057566,0.0,7.049381
lung,19,5,1.2,0.3551609322974473,0.183129183061355,1.0,0,0.38984184239732966,0.0,4.550911
lung,20,5,1.2,0.3518312985571587,0.1859527493964509,1.0,0,0.3850863218925981,0.0,4.248763
lung,21,6,1.0,0.39456159822419534,0.14780800240657546,1.0,0,0.30972306126495025,0.0,6.644406
lung,22,5,1.0,0.37691453940066594,0.13546804454152842,1.0,0,0.22505029747081456,0.0,5.113461
lung,23,7,1.1428571428571428,0.3232915807832567,0.18587315821622452,1.0,0,0.3778843081552348,0.0,5.213244
lung,24,5,1.2,0.4399556048834628,0.22563094609727874,1.0,0,0.3788905924687375,0.0,4.30959
lung,25,5,1.2,0.37380688124306327,0.2672215415988506,1.0,0,0.30240745964499766,0.0,4.969888
lung,26,4,1.0,0.4692008879023307,0.07384807292292614,1.0,0,0.11510963244072578,0.0,3.564552
lung,27,4,1.0,0.3834628190899001,0.13746477567780807,1.0,0,0.4056033575814597,0.0,3.877686
lung,28,7,1.1428571428571428,0.3461233550023783,0.13927395269886614,1.0,0,0.34427365532164544,0.0,6.807971
lung,29,8,1.125,0.2769145394006659,0.17853603197694862,1.0,0,0.43515554972319775,0.0,8.113518
melanoma,0,3,1.0,0.4065040650406504,0.14128574956896559,1.0,0,0.2809756097560974,0.0,1.768361
melanoma,1,2,1.0,0.5,0.06097560975609756,1.0,0,0.0,0.0,1.532983
melanoma,2,3,1.0,0.510569105691057,0.0519816824817749,1.0,0,0.325120397700794,0.0,1.378307
melanoma,3,2,1.0,0.5,0.06097560975609756,1.0,0,0.0,0.0,1.171943
melanoma,4,4,1.0,0.37317073170731707,0.13529442193520647,1.0,0,0.33489558424995963,0.0,2.289706
melanoma,5,4,1.0,0.40487804878048783,0.11053921164511864,1.0,0,0.3881281222450797,0.0,2.322809
melanoma,6,2,1.0,0.5,0.06097560975609756,1.0,0,0.0,0.0,1.366382
melanoma,7,2,1.0,0.5,0.06097560975609756,1.0,0,0.0,0.0,1.122071
melanoma,8,3,1.0,0.510569105691057,0.0519816824817749,1.0,0,0.325120397700794,0.0,1.775301
melanoma,9,3,1.0,0.510569105691057,0.0519816824817749,1.0,0,0.325120397700794,0.0,1.782286
melanoma,10,5,1.2,0.32682926829268294,0.08872150278548024,0.9024390243902439,0,0.36257735711685496,0.32756604923103255,1.79619
melanoma,11,3,1.0,0.424390243902439,0.11795064119233908,1.0,0,0.311896084478086,0.0,1.318509
melanoma,12,3,1.0,0.5382113821138211,0.07347722619639027,1.0,0,0.29339031758897577,0.0,1.098092
melanoma,13,2,1.0,0.5,0.06097560975609756,1.0,0,0.0,0.0,0.883662
melanoma,14,3,1.0,0.510569105691057,0.0519816824817749,1.0,0,0.325120397700794,0.0,1.888941
melanoma,15,5,1.0,0.36780487804878054,0.12358322621338522,1.0,0,0.31157404412240336,0.0,2.100485
melanoma,16,2,1.0,0.5,0.06097560975609756,1.0,0,0.0,0.0,0.984346
melanoma,17,2,1.0,0.5,0.06097560975609756,1.0,0,0.0,0.0,1.10607
melanoma,18,2,1.0,0.5,0.06097560975609756,1.0,0,0.0,0.0,1.109108
melanoma,19,2,1.0,0.5,0.06097560975609756,1.0,0,0.0,0.0,1.323494
melanoma,20,3,1.3333333333333333,0.4,0.14992892757376275,1.0,0,0.2666666666666656,0.0,1.55289
melanoma,21,4,1.0,0.4719512195121951,0.13122653893598804,1.0,0,0.2707001953740472,0.0,1.646677
melanoma,22,2,1.0,0.5,0.06097560975609756,1.0,0,0.0,0.0,1.239761
melanoma,23,3,1.0,0.4065040650406504,0.14128574956896559,1.0,0,0.2809756097560974,0.0,1.12103
melanoma,24,3,1.0,0.4065040650406504,0.14128574956896559,1.0,0,0.2809756097560974,0.0,1.652672
melanoma,25,2,1.0,0.5,0.06097560975609756,1.0,0,0.0,0.0,0.966488
melanoma,26,2,1.0,0.5,0.06097560975609756,1.0,0,0.0,0.0,0.813891
melanoma,27,4,1.0,0.3695121951219512,0.13811749561041944,1.0,0,0.33763181196168457,0.0,2.324842
melanoma,28,3,1.0,0.5382113821138211,0.07347722619639027,1.0,0,0.29339031758897577,0.0,1.042245
melanoma,29,3,1.0,0.4065040650406504,0.14128574956896559,1.0,0,0.2809756097560974,0.0,1.461088
mgus2,0,6,1.0,0.2851270553064275,0.19171714742878584,0.9618834080717489,0,0.30329397567229915,0.17966015694481932,4.94233
mgus2,1,6,1.0,0.3004484304932735,0.18747428014018733,1.0,0,0.17571336144389907,0.0,5.359811
mgus2,2,5,1.2,0.19671150971599402,0.004022010178497372,0.9835575485799701,0,0.01644245142002943,0.09744505022727325,3.13969
mgus2,3,7,1.0,0.20136664531283366,0.0034564198283661427,1.0,0,0.34311510984089394,0.0,4.349495
mgus2,4,6,1.1666666666666667,0.28139013452914796,0.19341600656197586,0.9544095665171899,0,0.30703196183873666,0.20311108284588422,4.874047
mgus2,5,6,1.0,0.2871200797209766,0.19082285899933518,0.9581464872944694,0,0.3115019341199472,0.19162662092727653,4.359499
mgus2,6,8,1.125,0.2537369207772795,0.1758426724487426,0.968609865470852,0,0.2961963760123857,0.15674804863246147,5.207264
mgus2,7,6,1.1666666666666667,0.2843796711509716,0.19208875421774485,0.953662182361734,0,0.3185781433838319,0.2053537351239046,4.794351
mgus2,8,6,1.1666666666666667,0.19780767314399603,0.004414560325527989,0.9865470852017937,0,0.2610121501696253,0.08362247622241008,3.089874
mgus2,9,6,1.0,0.27279521674140506,0.19938774955529787,0.9544095665171899,0,0.31832626901735245,0.20311108284588422,8.510516
mgus2,10,7,1.2857142857142858,0.228913089899637,0.07512149771453436,0.9835575485799701,0,0.36371673025009554,0.09744505022727325,3.802867
mgus2,11,6,1.3333333333333333,0.283756851021425,0.19234686265667852,0.9872944693572496,0,0.23722261811490708,0.08002450860212934,4.833252
mgus2,12,6,1.0,0.20104633781763825,0.0036359042150788303,1.0,0,0.2714588160768146,0.0,2.882432
mgus2,13,7,1.0,0.2607303010890455,0.18694783841018947,0.9611360239162929,0,0.3010617629451731,0.18209415507475274,5.125476
mgus2,14,6,1.1666666666666667,0.2843796711509716,0.19208875421774485,0.953662182361734,0,0.31857814338383256,0.2053537351239046,4.574882
mgus2,15,6,1.1666666666666667,0.29770802192326856,0.18895603178434747,1.0,0,0.18817319298772273,0.0,4.766338
mgus2,16,8,1.125,0.2611173393124066,0.17117011918760747,0.9745889387144993,0,0.26339047680167554,0.13463795591875793,5.467573
mgus2,17,7,1.0,0.27514413837283797,0.1790865530125393,0.968609865470852,0,0.27933200039674927,0.15674804863246147,6.982567
mgus2,18,6,1.0,0.3004484304932735,0.18747428014018733,1.0,0,0.17571336144389907,0.0,3.976515
mgus2,19,6,1.1666666666666667,0.2843796711509716,0.19208875421774485,0.953662182361734,0,0.3185781433838318,0.2053537351239046,4.458194
mgus2,20,5,1.2,0.19671150971599402,0.004022010178497373,0.9835575485799701,0,0.01644245142002943,0.09744505022727325,3.532642
mgus2,21,6,1.0,0.3004484304932735,0.18747428014018733,1.0,0,0.17571336144389907,0.0,3.463572
mgus2,22,6,1.1666666666666667,0.2843796711509716,0.19208875421774485,0.953662182361734,0,0.318578143383832,0.2053537351239046,9.438011
mgus2,23,6,1.3333333333333333,0.26818634778276035,0.20183819873146816,0.9506726457399103,0,0.3237558466407907,0.2141531439197896,6.746155
mgus2,24,6,1.0,0.20104633781763825,0.0036359042150788303,1.0,0,0.2714588160768159,0.0,2.967098
mgus2,25,6,1.1666666666666667,0.2843796711509716,0.19208875421774485,0.953662182361734,0,0.3185781433838311,0.2053537351239046,7.858193
mgus2,26,6,1.0,0.3004484304932735,0.18747428014018733,1.0,0,0.17571336144389907,0.0,3.975516
mgus2,27,6,1.0,0.2871200797209766,0.19082285899933518,0.9581464872944694,0,0.3115019341199454,0.19162662092727653,5.476607
mgus2,28,6,1.1666666666666667,0.2843796711509716,0.19208875421774485,0.953662182361734,0,0.3185781433838321,0.2053537351239046,5.799643
mgus2,29,6,1.0,0.27279521674140506,0.19938774955529787,0.9544095665171899,0,0.31832626901735234,0.20311108284588422,8.131469
mgus,0,7,1.4285714285714286,0.25487012987012986,0.2084190524727317,1.0,0,0.22973364215402417,0.0,22.024704
mgus,1,7,1.4285714285714286,0.24675324675324675,0.21412577659811138,1.0,0,0.3110047846889946,0.0,4.278729
mgus,2,6,1.1666666666666667,0.28787878787878785,0.2074879542234731,1.0,0,0.2296650717703348,0.0,4.385169
mgus,3,7,1.2857142857142858,0.2573051948051948,0.20617841781576948,1.0,0,0.21734298824204226,0.0,14.665467
mgus,4,7,1.2857142857142858,0.2573051948051948,0.20617841781576948,1.0,0,0.22745196443934662,0.0,4.545008
mgus,5,5,1.0,0.31931818181818183,0.21384781605092923,1.0,0,0.3014801035263656,0.0,3.626396
mgus,6,7,1.2857142857142858,0.2573051948051948,0.20617841781576948,1.0,0,0.22239747634069448,0.0,9.717273
mgus,7,7,1.2857142857142858,0.2573051948051948,0.20617841781576948,1.0,0,0.22745196443934662,0.0,7.81403
mgus,8,8,1.625,0.2215909090909091,0.2049199538844375,0.9829545454545454,0,0.24985431235431232,0.10013299632811604,10.434366
mgus,9,7,1.4285714285714286,0.2556818181818182,0.20765582476405894,1.0,0,0.22063492063492038,0.0,22.809566
mgus,10,8,1.375,0.22443181818181818,0.20887927778013407,1.0,0,0.2668296892980429,0.0,14.697087
mgus,11,7,1.2857142857142858,0.2573051948051948,0.20617841781576948,1.0,0,0.21734298824204232,0.0,7.179039
mgus,12,7,1.4285714285714286,0.24431818181818182,0.21618659541650678,1.0,0,0.2737088492902446,0.0,16.796484
mgus,13,7,1.2857142857142858,0.2573051948051948,0.20617841781576948,1.0,0,0.21734298824204226,0.0,9.019888
mgus,14,7,1.2857142857142858,0.24594155844155843,0.2148537581137724,1.0,0,0.27148964896489663,0.0,12.304467
mgus,15,7,1.5714285714285714,0.12256493506493507,0.07147467520373804,0.7215909090909091,0,0.2784090909090916,0.5135873122248998,29.39229
mgus,16,10,1.5,0.19886363636363635,0.1943480838237167,1.0,0,0.214675324675325,0.0,22.417665
mgus,17,6,1.1666666666666667,0.28787878787878785,0.2074879542234731,1.0,0,0.2296650717703349,0.0,9.348322
mgus,18,6,1.1666666666666667,0.28787878787878785,0.2074879542234731,1.0,0,0.22966507177033488,0.0,8.030806
mgus,19,8,1.25,0.23508522727272727,0.20162325306470638,1.0,0,0.22349629222741063,0.0,8.834537
mgus,20,8,1.5,0.2002840909090909,0.216221924979735,0.9545454545454546,0,0.3316408768536428,0.20270143721078623,13.527578
mgus,21,5,1.0,0.31931818181818183,0.21384781605092923,1.0,0,0.3014801035263656,0.0,7.215853
mgus,22,7,1.4285714285714286,0.21834415584415587,0.22543610871560754,0.9545454545454546,0,0.33224907063197145,0.20270143721078623,19.073548
mgus,23,6,1.3333333333333333,0.2424242424242424,0.23501643554662974,0.9545454545454546,0,0.32954545454545453,0.20270143721078623,5.549318
mgus,24,7,1.1428571428571428,0.25811688311688313,0.2054645912627677,1.0,0,0.2283447684391075,0.0,10.418458
mgus,25,8,1.375,0.20099431818181818,0.21581445107336325,0.9602272727272727,0,0.3190451333119192,0.18502577770487416,22.601903
mgus,26,6,1.5,0.13068181818181818,0.07415443920625718,0.6931818181818182,0,0.30681818181818116,0.5229851266453792,26.850013
mgus,27,4,1.0,0.3565340909090909,0.22413944563569357,0.9943181818181818,0,0.34183719666787415,0.04238313419680283,1.726445
mgus,28,8,1.5,0.23224431818181818,0.20394160986986443,1.0,0,0.22039199332777287,0.0,8.909369
mgus,29,7,1.2857142857142858,0.24594155844155843,0.2148537581137724,1.0,0,0.27148964896489663,0.0,12.668429
pbc,0,5,1.0,0.33115942028985507,0.27113071986548926,0.9818840579710145,0,0.3338169536675883,0.1048296442371523,5.907427
pbc,1,9,1.5555555555555556,0.2753623188405797,0.18859924417902263,0.9891304347826086,0,0.33873633358759325,0.07090828213105449,11.80174
pbc,2,5,1.2,0.3942028985507246,0.26928261639813267,0.9782608695652174,0,0.44298806479113717,0.25452738579487694,9.429684
pbc,3,10,1.2,0.2717391304347826,0.11514672885558482,0.9710144927536232,0,0.5197101449275365,0.14807317266023678,15.284655
pbc,4,7,1.2857142857142858,0.29658385093167705,0.24796580344958136,0.9891304347826086,0,0.48313604977616015,0.07090828213105449,11.197395
pbc,5,3,1.0,0.37801932367149754,0.3388063262613945,0.9492753623188406,0,0.23146733342594117,0.21817526625394168,4.21656
pbc,6,6,1.1666666666666667,0.36835748792270534,0.28837686678711466,0.9963768115942029,0,0.3041696364932273,0.0293787117999209,7.062301
pbc,7,7,1.1428571428571428,0.3141821946169772,0.2365498048516673,0.9927536231884058,0,0.4707279803261458,0.051511046788247604,7.986591
pbc,8,11,1.2727272727272727,0.29578392621870886,0.23576945334032015,1.0,0,0.4184661566766714,0.0,15.429151
pbc,9,3,1.0,0.40821256038647347,0.3752094951864484,1.0,0,0.2844524483320453,0.0,4.147973
pbc,10,11,1.2727272727272727,0.2885375494071146,0.23523229479057894,1.0,0,0.38376017470716606,0.0,13.01549
pbc,11,10,1.1,0.3445652173913043,0.2189284423868866,1.0,0,0.43503406025693664,0.0,15.973706
pbc,12,8,1.0,0.33106884057971014,0.2431449467298217,1.0,0,0.38684351394753985,0.0,9.129329
pbc,13,9,1.2222222222222223,0.2801932367149758,0.23355127298044082,0.9855072463768116,0,0.5522238880559712,0.0885293399533068,12.25524
pbc,14,10,1.3,0.32862318840579713,0.23839395812197325,1.0,0,0.4219995845517149,0.0,14.996752
pbc,15,7,1.2857142857142858,0.3007246376811594,0.277303282438174,1.0,0,0.35044525929806236,0.0,11.064711
pbc,16,6,1.3333333333333333,0.2814009661835749,0.2731017900679835,0.9891304347826086,0,0.44518566896808914,0.07090828213105449,10.906972
pbc,17,4,1.25,0.32065217391304346,0.35859041788185214,1.0,0,0.3337017931712118,0.0,5.133125
pbc,18,11,1.2727272727272727,0.30303030303030304,0.22879234572785712,1.0,0,0.39927536231884164,0.0,18.349896
pbc,19,7,1.0,0.36904761904761907,0.26278504101001465,1.0,0,0.37891538101916694,0.0,8.277965
pbc,20,4,1.25,0.33242753623188404,0.3051487799997039,0.9565217391304348,0,0.3704932275006908,0.19667660678508753,6.197474
pbc,21,8,1.375,0.26268115942028986,0.2387458479642836,0.9927536231884058,0,0.5319840079960038,0.051511046788247604,9.782954
pbc,22,10,1.1,0.319927536231884,0.2409790752820616,1.0,0,0.4282584076025402,0.0,18.608472
pbc,23,6,1.1666666666666667,0.3188405797101449,0.25299265998115605,0.9818840579710145,0,0.45388669301713114,0.1563406910253999,6.889668
pbc,24,5,1.2,0.3181159420289855,0.31123504747763847,1.0,0,0.46546829091149355,0.0,9.398032
pbc,25,9,1.1111111111111112,0.2713365539452496,0.22263826605315795,0.9963768115942029,0,0.39780888487506877,0.0293787117999209,10.92493
pbc,26,9,1.3333333333333333,0.3276972624798712,0.15400431931229647,0.9963768115942029,0,0.4024053697966732,0.0293787117999209,12.933575
pbc,27,8,1.375,0.3125,0.25013616067311517,0.9891304347826086,0,0.3557971014492761,0.07090828213105449,8.531337
pbc,28,4,1.25,0.3442028985507246,0.3438117533464068,0.9963768115942029,0,0.38440122044240793,0.10028699393097538,7.770268
pbc,29,7,1.0,0.3804347826086957,0.21516283614683823,0.9963768115942029,0,0.3941289559301969,0.0293787117999209,7.377362
ptc,0,3,1.6666666666666667,0.34437751004016065,0.37627971779699565,0.9608433734939759,0,0.09614844216516157,0.18304155503516817,9.440921
ptc,1,3,1.3333333333333333,0.39257028112449804,0.3429093365831813,0.9216867469879518,0,0.28556681970849923,0.40516079550715933,40.916165
ptc,2,4,4.0,0.34487951807228917,0.3346797606200212,0.927710843373494,0,0.3623138843583966,0.27398146486451336,50.60335
ptc,3,3,2.0,0.46184738955823296,0.3121149908088703,0.9307228915662651,0,0.3626244106862233,0.48636380711840344,75.637714
ptc,4,5,2.0,0.3542168674698795,0.2878648353810806,0.9698795180722891,0,0.3133759527907545,0.15220214868854104,11.14438
ptc,5,3,1.3333333333333333,0.5190763052208835,0.3158137278086697,0.9608433734939759,0,0.3625002913006012,0.4902544907290273,10.382069
ptc,6,3,1.3333333333333333,0.3534136546184739,0.37012940204975,0.9548192771084337,0,0.14170317634172908,0.20187419438577134,6.165601
ptc,7,3,2.6666666666666665,0.4347389558232932,0.32097123219168233,0.9307228915662651,0,0.3292314755558024,0.2668192226857469,43.387539
ptc,8,3,1.0,0.3885542168674699,0.3496398550760607,0.9578313253012049,0,0.25534696927243783,0.19261320219894726,7.023387
ptc,9,2,1.0,0.4759036144578313,0.4006024096385542,0.9518072289156626,0,0.048192771084337574,0.2108452737998518,6.779956
ptc,10,4,2.0,0.42243975903614456,0.2865673398851765,0.9728915662650602,0,0.31481541137813374,0.14110249960584792,12.806913
ptc,11,2,1.0,0.4759036144578313,0.4006024096385542,0.9518072289156626,0,0.048192771084337574,0.2108452737998518,4.607735
ptc,12,4,1.0,0.3373493975903614,0.31980236403047935,0.9698795180722891,0,0.35924053356282104,0.15220214868854104,10.062198
ptc,13,2,1.0,0.4759036144578313,0.4006024096385542,0.9518072289156626,0,0.048192771084337574,0.2108452737998518,5.659899
ptc,14,4,2.0,0.42243975903614456,0.2865673398851765,0.9728915662650602,0,0.31481541137813374,0.14110249960584792,12.214538
ptc,15,3,1.0,0.44477911646586343,0.33003888026915057,0.9668674698795181,0,0.33350784628355434,0.16286652391507803,7.622753
ptc,16,3,1.3333333333333333,0.3534136546184739,0.37012940204975,0.9548192771084337,0,0.14170317634172913,0.20187419438577134,6.669234
ptc,17,5,1.2,0.36626506024096384,0.31149646531293607,0.9819277108433735,0,0.37357324032974054,0.10463994452938136,9.963274
ptc,18,3,1.0,0.35843373493975905,0.36686038069924026,0.9578313253012049,0,0.15986635618102943,0.19261320219894726,7.811251
ptc,19,3,1.0,0.35843373493975905,0.36686038069924026,0.9578313253012049,0,0.15986635618102926,0.19261320219894726,6.359069
ptc,20,3,1.0,0.35843373493975905,0.36686038069924026,0.9578313253012049,0,0.15986635618102943,0.19261320219894726,8.211168
ptc,21,2,1.0,0.4759036144578313,0.4006024096385542,0.9518072289156626,0,0.048192771084337574,0.2108452737998518,11.870985
ptc,22,2,1.0,0.4759036144578313,0.4006024096385542,0.9518072289156626,0,0.048192771084337574,0.2108452737998518,5.510381
ptc,23,2,1.0,0.4759036144578313,0.4006024096385542,0.9518072289156626,0,0.048192771084337574,0.2108452737998518,4.811241
ptc,24,3,1.0,0.3895582329317269,0.1464143238875478,0.9668674698795181,0,0.25397466153273157,0.16286652391507803,6.18553
ptc,25,3,1.3333333333333333,0.3534136546184739,0.37012940204975,0.9548192771084337,0,0.14170317634172908,0.20187419438577134,11.66206
ptc,26,3,2.0,0.44979919678714864,0.33533835941225354,0.9518072289156626,0,0.3523558519793456,0.3737117977149298,8.521371
ptc,27,4,1.25,0.4495481927710843,0.27122130910406134,0.9789156626506024,0,0.2189612722245763,0.11739093844887122,14.614831
ptc,28,2,1.5,0.6460843373493976,0.23042168674698796,0.9518072289156626,0,0.3246973909624526,0.7400598309964972,3.456801
ptc,29,3,2.0,0.46184738955823296,0.3121149908088703,0.9307228915662651,0,0.3626244106862233,0.48636380711840344,87.432783
uis,0,6,1.1666666666666667,0.31768115942028985,0.20538108594558604,0.9530434782608695,0,0.30158679784195186,0.2071970910939883,4.454154
uis,1,8,1.5,0.24434782608695652,0.13115165322506345,0.9652173913043478,0,0.30151013461241105,0.16853878438067393,11.659964
uis,2,6,1.5,0.27217391304347827,0.21596225953284773,0.9773913043478261,0,0.30980413946381746,0.12360125140865807,4.924893
uis,3,7,1.4285714285714286,0.2785093167701863,0.2074859943921743,0.9791304347826087,0,0.26143738122018184,0.11650342215882953,7.053204
uis,4,6,1.1666666666666667,0.3481159420289855,0.1948225028158828,0.9530434782608695,0,0.2747695760779031,0.2071970910939883,5.31192
uis,5,9,1.8888888888888888,0.19072463768115944,0.0856677442381702,0.9182608695652174,0,0.35469979296066406,0.29530952491346557,29.351927
uis,6,9,1.7777777777777777,0.216231884057971,0.1134011435818858,0.9826086956521739,0,0.2710339200373003,0.10166069653816305,10.3873
uis,7,9,1.5555555555555556,0.2803864734299517,0.18271775492403555,0.9826086956521739,0,0.3378323794684304,0.10166069653816305,6.483742
uis,8,7,1.4285714285714286,0.27701863354037265,0.1928468906367705,0.9808695652173913,0,0.28023396373562043,0.10919626399850232,7.79122
uis,9,8,1.375,0.3393478260869565,0.18252883864644007,1.0,0,0.3331131103250427,0.0,6.540598
uis,10,6,1.3333333333333333,0.31536231884057975,0.20178826654654133,0.9773913043478261,0,0.27845268542199686,0.12360125140865807,6.38044
uis,11,6,1.3333333333333333,0.31536231884057975,0.20178826654654133,0.9773913043478261,0,0.27845268542199686,0.12360125140865807,4.868043
uis,12,6,1.1666666666666667,0.31768115942028985,0.20538108594558604,0.9530434782608695,0,0.3015867978419518,0.2071970910939883,6.630244
uis,13,8,1.5,0.276304347826087,0.18999042359708854,1.0,0,0.27879451305032077,0.0,5.475165
uis,14,6,1.3333333333333333,0.31536231884057975,0.20178826654654133,0.9773913043478261,0,0.2784526854219966,0.12360125140865807,5.605084
uis,15,8,1.375,0.3393478260869565,0.18252883864644007,1.0,0,0.33311311032504287,0.0,9.305288
uis,16,6,1.1666666666666667,0.31884057971014496,0.12432316231197861,0.9617391304347827,0,0.2822924901185761,0.18013165843178727,10.233708
uis,17,6,1.1666666666666667,0.3481159420289855,0.1948225028158828,0.9530434782608695,0,0.2747695760779032,0.2071970910939883,6.881728
uis,18,7,1.4285714285714286,0.2785093167701863,0.2074859943921743,0.9791304347826087,0,0.26143738122018184,0.11650342215882953,6.237445
uis,19,6,1.1666666666666667,0.296231884057971,0.12203552600462447,0.9565217391304348,0,0.33709180634731517,0.19667660678508753,7.154911
uis,20,9,1.5555555555555556,0.2672463768115942,0.19710485930554011,1.0,0,0.30371027067810974,0.0,8.971077
uis,21,8,1.375,0.35630434782608694,0.17992528905307267,0.9843478260869565,0,0.3412122980608512,0.09387380573826927,8.255975
uis,22,6,1.3333333333333333,0.28608695652173916,0.12767614196659147,0.9373913043478261,0,0.3558962160257284,0.25027783164872924,19.292727
uis,23,7,1.1428571428571428,0.3508074534161491,0.19242071622344412,1.0,0,0.28789259761054076,0.0,8.510391
uis,24,6,1.1666666666666667,0.2826086956521739,0.12041830055166229,0.9356521739130435,0,0.35259754738015686,0.2546864293347881,5.661929
uis,25,6,1.3333333333333333,0.31536231884057975,0.20178826654654133,0.9773913043478261,0,0.2784526854219968,0.12360125140865807,6.482785
uis,26,7,1.4285714285714286,0.2785093167701863,0.2074859943921743,0.9791304347826087,0,0.26143738122018184,0.11650342215882953,8.388707
uis,27,9,1.7777777777777777,0.18492753623188404,0.09245967916087207,0.9147826086956522,0,0.36289673345145684,0.30275253353758247,24.741297
uis,28,8,1.375,0.3030434782608696,0.18314569076385231,0.9808695652173913,0,0.3459896450626935,0.10919626399850232,8.097447
uis,29,6,1.1666666666666667,0.3481159420289855,0.1948225028158828,0.9530434782608695,0,0.274769576077903,0.2071970910939883,6.292323
veteran,0,6,1.3333333333333333,0.2396593673965937,0.15278662377633184,0.9124087591240876,0,0.38104412908962915,0.3077141239917697,15.215454
veteran,1,6,1.1666666666666667,0.24209245742092456,0.1498524719348853,0.9124087591240876,0,0.3741334409272646,0.3077141239917697,13.183863
veteran,2,5,1.0,0.2773722627737226,0.1395669302507109,0.9124087591240876,0,0.3767191701882438,0.3077141239917697,14.410687
veteran,3,6,1.1666666666666667,0.24209245742092456,0.1498524719348853,0.9124087591240876,0,0.3741334409272646,0.3077141239917697,16.576006
veteran,4,6,1.1666666666666667,0.24209245742092456,0.1498524719348853,0.9124087591240876,0,0.3741334409272646,0.3077141239917697,13.177944
veteran,5,4,1.0,0.3010948905109489,0.14674755429210196,0.8905109489051095,0,0.30519796505197966,0.34939505335970894,19.072336
veteran,6,4,1.0,0.3010948905109489,0.14674755429210196,0.8905109489051095,0,0.30519796505197966,0.34939505335970894,16.509112
veteran,7,6,1.1666666666666667,0.24209245742092456,0.1498524719348853,0.9124087591240876,0,0.3741334409272646,0.3077141239917697,12.785143
veteran,8,6,1.1666666666666667,0.24209245742092456,0.1498524719348853,0.9124087591240876,0,0.3741334409272646,0.3077141239917697,14.578198
veteran,9,5,1.2,0.25401459854014596,0.16153665627588965,0.8905109489051095,0,0.32678916016444415,0.34939505335970894,20.245169
veteran,10,6,1.0,0.26763990267639903,0.12925182467438856,0.927007299270073,0,0.34286662242866595,0.27562802832650835,11.159367
veteran,11,5,1.2,0.25401459854014596,0.16153665627588965,0.8905109489051095,0,0.32678916016444415,0.34939505335970894,17.272029
veteran,12,6,1.1666666666666667,0.24209245742092456,0.1498524719348853,0.9124087591240876,0,0.37413344092726447,0.3077141239917697,12.880761
veteran,13,5,1.2,0.25401459854014596,0.16153665627588965,0.8905109489051095,0,0.32678916016444415,0.34939505335970894,19.28168
veteran,14,6,1.1666666666666667,0.24209245742092456,0.1498524719348853,0.9124087591240876,0,0.3741334409272646,0.3077141239917697,15.322269
veteran,15,5,1.2,0.25401459854014596,0.16153665627588965,0.8905109489051095,0,0.32678916016444415,0.34939505335970894,21.398097
veteran,16,5,1.0,0.2802919708029197,0.1376913999714055,0.8905109489051095,0,0.37294708029197166,0.34939505335970894,19.022376
veteran,17,7,1.2857142857142858,0.22314911366006257,0.14629046035168014,0.9124087591240876,0,0.35548127430247584,0.3077141239917697,14.838548
veteran,18,6,1.0,0.26399026763990263,0.13087333183329178,0.9124087591240876,0,0.3943624070772638,0.3077141239917697,15.623052
veteran,19,6,1.3333333333333333,0.22871046228710462,0.15794484055588792,0.8978102189781022,0,0.3596055288088213,0.33627357848643,12.573535
veteran,20,5,1.0,0.2773722627737226,0.1395669302507109,0.9124087591240876,0,0.3767191701882438,0.3077141239917697,11.702849
veteran,21,4,1.0,0.3010948905109489,0.14674755429210196,0.8905109489051095,0,0.30519796505197966,0.34939505335970894,18.242485
veteran,22,5,1.2,0.25401459854014596,0.16153665627588965,0.8905109489051095,0,0.32678916016444415,0.34939505335970894,20.309654
veteran,23,6,1.1666666666666667,0.24209245742092456,0.1498524719348853,0.9124087591240876,0,0.3741334409272646,0.3077141239917697,18.360195
veteran,24,4,1.0,0.3010948905109489,0.14674755429210196,0.8905109489051095,0,0.30519796505197966,0.34939505335970894,18.321014
veteran,25,5,1.0,0.2846715328467153,0.13530255895747165,0.9124087591240876,0,0.326408384802545,0.3077141239917697,12.67136
veteran,26,5,1.2,0.26131386861313866,0.15348613802394975,0.8978102189781022,0,0.35224075357827284,0.33627357848643,12.439537
veteran,27,4,1.0,0.3010948905109489,0.14674755429210196,0.8905109489051095,0,0.30519796505197966,0.34939505335970894,16.648778
veteran,28,5,1.2,0.25401459854014596,0.16153665627588965,0.8905109489051095,0,0.32678916016444415,0.34939505335970894,19.84293
veteran,29,5,1.2,0.25401459854014596,0.16153665627588965,0.8905109489051095,0,0.32678916016444415,0.34939505335970894,16.941715
whas500,0,4,1.0,0.3525,0.2000668638230729,1.0,0,0.3861560283687972,0.0,5.134334
whas500,1,5,1.0,0.326,0.1862858019281126,1.0,0,0.36640490797545916,0.0,7.504026
whas500,2,4,1.0,0.3525,0.2000668638230729,1.0,0,0.3861560283687972,0.0,3.887765
whas500,3,4,1.0,0.351,0.2006315030098713,1.0,0,0.3683190883190856,0.0,4.173838
whas500,4,3,1.0,0.4086666666666667,0.20186684280045156,1.0,0,0.28535725938009554,0.0,4.828134
whas500,5,3,1.0,0.4013333333333333,0.20865495174782908,1.0,0,0.26974086378737683,0.0,3.592486
whas500,6,5,1.2,0.376,0.2931566134338436,0.988,0,0.34714893617021025,0.07656986140729118,4.955848
whas500,7,3,1.0,0.49,0.33234119014450597,0.988,0,0.4007891156462648,0.41249247356173147,3.121752
whas500,8,3,1.0,0.4086666666666667,0.20186684280045156,1.0,0,0.28535725938009554,0.0,2.87236
whas500,9,3,1.0,0.39466666666666667,0.21507414742104378,1.0,0,0.2536216216216205,0.0,4.949781
whas500,10,4,1.0,0.3525,0.2000668638230729,1.0,0,0.3861560283687972,0.0,4.454198
whas500,11,3,1.0,0.4086666666666667,0.20186684280045156,1.0,0,0.2853572593800966,0.0,3.520618
whas500,12,7,1.0,0.3008571428571428,0.16618013339353738,1.0,0,0.3065868945868945,0.0,8.059597
whas500,13,5,1.0,0.32280000000000003,0.1885464399027465,1.0,0,0.4169417596034697,0.0,4.768314
whas500,14,5,1.0,0.3152,0.19300818635487976,1.0,0,0.3654822335025397,0.0,5.901287
whas500,15,3,1.0,0.4086666666666667,0.20186684280045156,1.0,0,0.28535725938009554,0.0,5.582189
whas500,16,3,1.0,0.49,0.33234119014450597,0.988,0,0.4007891156462648,0.41249247356173147,2.986058
whas500,17,3,1.0,0.4086666666666667,0.20186684280045156,1.0,0,0.28535725938009554,0.0,2.862428
whas500,18,5,1.0,0.322,0.189056605280006,1.0,0,0.36675776397515525,0.0,7.24885
whas500,19,4,1.0,0.3525,0.2000668638230729,1.0,0,0.3861560283687972,0.0,4.407064
whas500,20,8,1.125,0.2815,0.16558909988281234,1.0,0,0.36787211367673484,0.0,7.212821
whas500,21,2,1.0,0.5,0.19,1.0,0,0.0,0.0,1.934844
whas500,22,7,1.1428571428571428,0.32685714285714285,0.21592288873009968,0.972,0,0.35855944055944095,0.14443602215292553,7.671629
whas500,23,4,1.0,0.3575,0.196001913255968,1.0,0,0.3788811188811219,0.0,4.262606
whas500,24,6,1.3333333333333333,0.31,0.1744820907715173,1.0,0,0.3421505376344111,0.0,6.707146
whas500,25,7,1.1428571428571428,0.31542857142857145,0.16211359081375815,1.0,0,0.3250579710144914,0.0,7.407328
whas500,26,4,1.0,0.3525,0.2000668638230729,1.0,0,0.3861560283687972,0.0,4.874064
whas500,27,5,1.0,0.3236,0.18796340069279446,1.0,0,0.35445241038318914,0.0,6.011957
whas500,28,4,1.0,0.3575,0.196001913255968,1.0,0,0.3788811188811233,0.0,3.87872
whas500,29,5,1.2,0.3296,0.18552153513810737,1.0,0,0.3554563106796111,0.0,6.207527
