times,population,R0,R1,R2,R3,R4,R5,R6,R7,R8,R9,R10,R11,R12,R13,R14,R15,R16,R17,R18,R19,R20,R21
0.0,1.0,1.0,1.0,1.0,1.0,1.0,1.0,1.0,1.0,1.0,1.0,1.0,1.0,1.0,1.0,1.0,1.0,1.0,1.0,1.0,1.0,1.0,1.0
125.0,0.9948979591836739,0.9827586206896555,1.0,1.0,1.0,1.0,1.0,1.0,1.0,1.0,1.0,1.0,1.0,1.0,1.0,1.0,1.0,1.0,1.0,1.0,1.0,1.0,1.0
269.0,0.9897959183673475,0.9827586206896555,0.962962962962963,1.0,1.0,1.0,1.0,1.0,1.0,1.0,1.0,1.0,1.0,1.0,1.0,1.0,1.0,1.0,1.0,1.0,1.0,1.0,1.0
289.0,0.9846938775510209,0.9827586206896555,0.962962962962963,1.0,0.9666666666666667,1.0,1.0,1.0,1.0,1.0,1.0,1.0,1.0,1.0,1.0,1.0,1.0,1.0,1.0,1.0,1.0,1.0,1.0
394.0,0.9795918367346942,0.9827586206896555,0.962962962962963,1.0,0.9666666666666667,1.0,1.0,1.0,1.0,1.0,1.0,1.0,1.0,1.0,1.0,1.0,1.0,1.0,1.0,1.0,1.0,1.0,1.0
404.0,0.9744897959183678,0.9827586206896555,0.9259259259259257,1.0,0.9666666666666667,1.0,1.0,1.0,1.0,1.0,1.0,1.0,1.0,1.0,1.0,1.0,1.0,1.0,1.0,1.0,1.0,1.0,1.0
421.0,0.9693877551020412,0.9827586206896555,0.888888888888889,1.0,0.9666666666666667,1.0,1.0,1.0,1.0,1.0,1.0,1.0,1.0,1.0,1.0,1.0,1.0,1.0,1.0,1.0,1.0,1.0,1.0
434.0,0.9642857142857149,0.9827586206896555,0.888888888888889,1.0,0.9333333333333331,1.0,1.0,1.0,1.0,1.0,1.0,1.0,1.0,1.0,1.0,1.0,1.0,1.0,1.0,1.0,1.0,1.0,1.0
524.0,0.9591836734693882,0.9827586206896555,0.888888888888889,1.0,0.9333333333333331,1.0,1.0,1.0,1.0,1.0,1.0,1.0,1.0,1.0,1.0,1.0,1.0,1.0,1.0,1.0,1.0,1.0,1.0
528.0,0.9540816326530618,0.9827586206896555,0.8518518518518517,1.0,0.9,1.0,1.0,1.0,1.0,1.0,1.0,1.0,1.0,1.0,1.0,1.0,1.0,1.0,1.0,1.0,1.0,1.0,1.0
530.0,0.9489795918367355,0.9827586206896555,0.8518518518518517,1.0,0.9,1.0,1.0,1.0,1.0,1.0,1.0,1.0,1.0,1.0,1.0,1.0,1.0,1.0,1.0,1.0,1.0,1.0,1.0
649.0,0.9438775510204082,0.9827586206896555,0.8518518518518517,1.0,0.9,1.0,1.0,1.0,1.0,1.0,1.0,1.0,1.0,1.0,1.0,1.0,1.0,1.0,1.0,1.0,1.0,1.0,1.0
690.0,0.9387755102040822,0.9827586206896555,0.8518518518518517,1.0,0.9,1.0,1.0,1.0,1.0,1.0,1.0,1.0,1.0,1.0,1.0,1.0,1.0,1.0,1.0,1.0,1.0,1.0,1.0
723.0,0.9336734693877559,0.9827586206896555,0.8518518518518517,1.0,0.8666666666666667,1.0,1.0,1.0,1.0,1.0,1.0,1.0,1.0,1.0,1.0,1.0,1.0,1.0,1.0,1.0,1.0,1.0,1.0
730.0,0.9285714285714287,0.9827586206896555,0.8518518518518517,1.0,0.8666666666666667,1.0,1.0,1.0,1.0,1.0,1.0,1.0,1.0,1.0,1.0,1.0,0.9736842105263158,1.0,1.0,1.0,1.0,1.0,1.0
794.0,0.9234693877551027,0.9827586206896555,0.8518518518518517,1.0,0.8666666666666667,1.0,1.0,1.0,1.0,1.0,1.0,1.0,1.0,1.0,1.0,1.0,0.9736842105263158,1.0,1.0,1.0,1.0,1.0,1.0
796.0,0.918367346938776,0.9655172413793109,0.8518518518518517,1.0,0.8666666666666667,1.0,1.0,1.0,1.0,1.0,1.0,1.0,1.0,1.0,1.0,1.0,0.9736842105263158,1.0,1.0,1.0,1.0,1.0,1.0
803.0,0.9132653061224493,0.9655172413793109,0.814814814814815,1.0,0.8666666666666667,1.0,1.0,1.0,1.0,1.0,1.0,1.0,1.0,0.9767441860465118,1.0,1.0,0.9736842105263158,1.0,1.0,1.0,1.0,1.0,1.0
805.0,0.9081632653061227,0.9655172413793109,0.7777777777777778,1.0,0.8666666666666667,1.0,1.0,1.0,1.0,1.0,1.0,1.0,1.0,0.9767441860465118,1.0,1.0,0.9736842105263158,1.0,1.0,1.0,1.0,1.0,1.0
880.0,0.903061224489796,0.948275862068966,0.7407407407407406,1.0,0.8666666666666667,1.0,0.9772727272727274,1.0,1.0,1.0,1.0,1.0,1.0,0.9767441860465118,1.0,1.0,0.9736842105263158,1.0,1.0,1.0,1.0,1.0,1.0
910.0,0.8979591836734694,0.948275862068966,0.7407407407407406,1.0,0.8333333333333331,1.0,0.9772727272727274,1.0,1.0,1.0,1.0,1.0,1.0,0.9767441860465118,1.0,1.0,0.9736842105263158,1.0,1.0,1.0,1.0,1.0,1.0
958.0,0.8979591836734694,0.948275862068966,0.7407407407407406,1.0,0.8333333333333331,1.0,0.9772727272727274,1.0,1.0,1.0,1.0,1.0,1.0,0.9767441860465118,1.0,1.0,0.9736842105263158,1.0,1.0,1.0,1.0,1.0,1.0
994.0,0.8928279883381921,0.948275862068966,0.7037037037037035,1.0,0.8,1.0,0.9772727272727274,1.0,1.0,1.0,1.0,1.0,1.0,0.9767441860465118,1.0,1.0,0.9736842105263158,1.0,1.0,1.0,1.0,1.0,1.0
1023.0,0.8876967930029154,0.948275862068966,0.7037037037037035,1.0,0.7666666666666666,1.0,0.9772727272727274,1.0,1.0,1.0,1.0,1.0,1.0,0.9767441860465118,1.0,1.0,0.9736842105263158,1.0,1.0,1.0,1.0,1.0,1.0
1104.0,0.8876967930029154,0.948275862068966,0.7037037037037035,1.0,0.7666666666666666,1.0,0.9772727272727274,1.0,1.0,1.0,1.0,1.0,1.0,0.9767441860465118,1.0,1.0,0.9736842105263158,1.0,1.0,1.0,1.0,1.0,1.0
1112.0,0.88253576513662,0.948275862068966,0.7037037037037035,1.0,0.7666666666666666,1.0,0.9772727272727274,1.0,1.0,1.0,1.0,1.0,1.0,0.9767441860465118,1.0,1.0,0.9736842105263158,1.0,0.9655172413793102,1.0,1.0,1.0,1.0
1136.0,0.8773747372703239,0.948275862068966,0.7037037037037035,1.0,0.7666666666666666,1.0,0.9772727272727274,1.0,1.0,1.0,1.0,1.0,1.0,0.9767441860465118,1.0,1.0,0.9736842105263158,1.0,0.9655172413793102,1.0,1.0,1.0,1.0
1171.0,0.8722137094040276,0.948275862068966,0.6666666666666665,1.0,0.7666666666666666,1.0,0.9772727272727274,1.0,1.0,1.0,1.0,1.0,1.0,0.9767441860465118,1.0,1.0,0.9736842105263158,1.0,0.9655172413793102,1.0,1.0,1.0,1.0
1206.0,0.8670526815377314,0.948275862068966,0.6666666666666665,1.0,0.7666666666666666,1.0,0.9772727272727274,1.0,1.0,1.0,1.0,1.0,1.0,0.9767441860465118,1.0,1.0,0.9736842105263158,1.0,0.9655172413793102,1.0,1.0,1.0,1.0
1215.0,0.8670526815377314,0.948275862068966,0.6666666666666665,1.0,0.7666666666666666,1.0,0.9772727272727274,1.0,1.0,1.0,1.0,1.0,1.0,0.9767441860465118,1.0,1.0,0.9736842105263158,1.0,0.9655172413793102,1.0,1.0,1.0,1.0
1233.0,0.8618607493129546,0.948275862068966,0.6666666666666665,1.0,0.7333333333333334,1.0,0.9772727272727274,1.0,1.0,1.0,1.0,1.0,1.0,0.9767441860465118,1.0,1.0,0.9736842105263158,1.0,0.9310344827586207,1.0,1.0,1.0,1.0
1259.0,0.8566688170881772,0.948275862068966,0.6296296296296297,1.0,0.7333333333333334,1.0,0.9772727272727274,1.0,1.0,1.0,1.0,1.0,1.0,0.9767441860465118,1.0,1.0,0.9736842105263158,1.0,0.9310344827586207,1.0,1.0,1.0,1.0
1290.0,0.8566688170881772,0.948275862068966,0.6296296296296297,1.0,0.7333333333333334,1.0,0.9772727272727274,1.0,1.0,1.0,1.0,1.0,1.0,0.9767441860465118,1.0,1.0,0.9736842105263158,1.0,0.9310344827586207,1.0,1.0,1.0,1.0
1554.0,0.8566688170881772,0.948275862068966,0.6296296296296297,1.0,0.7333333333333334,1.0,0.9772727272727274,1.0,1.0,1.0,1.0,1.0,1.0,0.9767441860465118,1.0,1.0,0.9736842105263158,1.0,0.9310344827586207,1.0,1.0,1.0,1.0
1591.0,0.8566688170881772,0.948275862068966,0.6296296296296297,1.0,0.7333333333333334,1.0,0.9772727272727274,1.0,1.0,1.0,1.0,1.0,1.0,0.9767441860465118,1.0,1.0,0.9736842105263158,1.0,0.9310344827586207,1.0,1.0,1.0,1.0
1598.0,0.8513807379703494,0.948275862068966,0.6296296296296297,1.0,0.7333333333333334,1.0,0.9772727272727274,1.0,1.0,1.0,1.0,1.0,1.0,0.952325581395349,1.0,1.0,0.9736842105263158,1.0,0.9310344827586207,1.0,1.0,1.0,1.0
1693.0,0.8460926588525208,0.948275862068966,0.6296296296296297,1.0,0.7333333333333334,1.0,0.9772727272727274,1.0,1.0,1.0,1.0,1.0,1.0,0.952325581395349,1.0,1.0,0.9736842105263158,1.0,0.9310344827586207,1.0,1.0,1.0,1.0
1703.0,0.8460926588525208,0.948275862068966,0.6296296296296297,1.0,0.7333333333333334,1.0,0.9772727272727274,1.0,1.0,1.0,1.0,1.0,1.0,0.952325581395349,1.0,1.0,0.9736842105263158,1.0,0.9310344827586207,1.0,1.0,1.0,1.0
1721.0,0.840771321375461,0.948275862068966,0.6296296296296297,1.0,0.7333333333333334,1.0,0.9772727272727274,1.0,1.0,1.0,1.0,1.0,1.0,0.952325581395349,1.0,1.0,0.9736842105263158,1.0,0.9310344827586207,1.0,1.0,1.0,1.0
1731.0,0.8354499838984007,0.931034482758621,0.6296296296296297,1.0,0.7333333333333334,1.0,0.9545454545454548,1.0,1.0,1.0,1.0,1.0,1.0,0.952325581395349,1.0,1.0,0.9736842105263158,1.0,0.9310344827586207,1.0,1.0,1.0,1.0
1740.0,0.8354499838984007,0.931034482758621,0.6296296296296297,1.0,0.7333333333333334,1.0,0.9545454545454548,1.0,1.0,1.0,1.0,1.0,1.0,0.952325581395349,1.0,1.0,0.9736842105263158,1.0,0.9310344827586207,1.0,1.0,1.0,1.0
1742.0,0.8300945352836675,0.931034482758621,0.6296296296296297,1.0,0.7333333333333334,1.0,0.9545454545454548,1.0,1.0,1.0,1.0,1.0,1.0,0.952325581395349,1.0,1.0,0.9736842105263158,1.0,0.9310344827586207,1.0,1.0,1.0,1.0
1743.0,0.8247390866689344,0.931034482758621,0.6296296296296297,1.0,0.7,1.0,0.9545454545454548,1.0,1.0,1.0,1.0,1.0,1.0,0.952325581395349,1.0,1.0,0.9736842105263158,1.0,0.9310344827586207,1.0,1.0,1.0,1.0
1781.0,0.8247390866689344,0.931034482758621,0.6296296296296297,1.0,0.7,1.0,0.9545454545454548,1.0,1.0,1.0,1.0,1.0,1.0,0.952325581395349,1.0,1.0,0.9736842105263158,1.0,0.9310344827586207,1.0,1.0,1.0,1.0
1815.0,0.8193486351220788,0.931034482758621,0.5902777777777779,1.0,0.7,1.0,0.9545454545454548,1.0,1.0,1.0,1.0,1.0,1.0,0.952325581395349,1.0,1.0,0.9736842105263158,1.0,0.9310344827586207,1.0,1.0,1.0,1.0
1918.0,0.8193486351220788,0.931034482758621,0.5902777777777779,1.0,0.7,1.0,0.9545454545454548,1.0,1.0,1.0,1.0,1.0,1.0,0.952325581395349,1.0,1.0,0.9736842105263158,1.0,0.9310344827586207,1.0,1.0,1.0,1.0
1920.0,0.8193486351220788,0.931034482758621,0.5902777777777779,1.0,0.7,1.0,0.9545454545454548,1.0,1.0,1.0,1.0,1.0,1.0,0.952325581395349,1.0,1.0,0.9736842105263158,1.0,0.9310344827586207,1.0,1.0,1.0,1.0
2105.0,0.8193486351220788,0.931034482758621,0.5902777777777779,1.0,0.7,1.0,0.9545454545454548,1.0,1.0,1.0,1.0,1.0,1.0,0.952325581395349,1.0,1.0,0.9736842105263158,1.0,0.9310344827586207,1.0,1.0,1.0,1.0
2196.0,0.8193486351220788,0.931034482758621,0.5902777777777779,1.0,0.7,1.0,0.9545454545454548,1.0,1.0,1.0,1.0,1.0,1.0,0.952325581395349,1.0,1.0,0.9736842105263158,1.0,0.9310344827586207,1.0,1.0,1.0,1.0
2225.0,0.8193486351220788,0.931034482758621,0.5902777777777779,1.0,0.7,1.0,0.9545454545454548,1.0,1.0,1.0,1.0,1.0,1.0,0.952325581395349,1.0,1.0,0.9736842105263158,1.0,0.9310344827586207,1.0,1.0,1.0,1.0
2349.0,0.8137748348831532,0.931034482758621,0.5902777777777779,0.9736842105263158,0.7,0.9761904761904763,0.9545454545454548,1.0,1.0,0.9714285714285718,1.0,1.0,1.0,0.952325581395349,1.0,1.0,0.9736842105263158,1.0,0.9310344827586207,0.9655172413793102,1.0,1.0,1.0
2454.0,0.8082010346442274,0.931034482758621,0.5902777777777779,0.9736842105263158,0.7,0.9761904761904763,0.9545454545454548,1.0,1.0,0.9714285714285718,1.0,1.0,1.0,0.952325581395349,1.0,1.0,0.9736842105263158,1.0,0.9310344827586207,0.9655172413793102,1.0,1.0,1.0
2549.0,0.8082010346442274,0.931034482758621,0.5902777777777779,0.9736842105263158,0.7,0.9761904761904763,0.9545454545454548,1.0,1.0,0.9714285714285718,1.0,1.0,1.0,0.952325581395349,1.0,1.0,0.9736842105263158,1.0,0.9310344827586207,0.9655172413793102,1.0,1.0,1.0
2561.0,0.8082010346442274,0.931034482758621,0.5902777777777779,0.9736842105263158,0.7,0.9761904761904763,0.9545454545454548,1.0,1.0,0.9714285714285718,1.0,1.0,1.0,0.952325581395349,1.0,1.0,0.9736842105263158,1.0,0.9310344827586207,0.9655172413793102,1.0,1.0,1.0
2604.0,0.8025492791572052,0.931034482758621,0.5902777777777779,0.9736842105263158,0.6666666666666665,0.9761904761904763,0.9545454545454548,1.0,1.0,0.9714285714285718,1.0,1.0,1.0,0.952325581395349,0.956521739130435,1.0,0.9736842105263158,1.0,0.9310344827586207,0.9655172413793102,1.0,1.0,1.0
2647.0,0.8025492791572052,0.931034482758621,0.5902777777777779,0.9736842105263158,0.6666666666666665,0.9761904761904763,0.9545454545454548,1.0,1.0,0.9714285714285718,1.0,1.0,1.0,0.952325581395349,0.956521739130435,1.0,0.9736842105263158,1.0,0.9310344827586207,0.9655172413793102,1.0,1.0,1.0
2672.0,0.8025492791572052,0.931034482758621,0.5902777777777779,0.9736842105263158,0.6666666666666665,0.9761904761904763,0.9545454545454548,1.0,1.0,0.9714285714285718,1.0,1.0,1.0,0.952325581395349,0.956521739130435,1.0,0.9736842105263158,1.0,0.9310344827586207,0.9655172413793102,1.0,1.0,1.0
2722.0,0.8025492791572052,0.931034482758621,0.5902777777777779,0.9736842105263158,0.6666666666666665,0.9761904761904763,0.9545454545454548,1.0,1.0,0.9714285714285718,1.0,1.0,1.0,0.952325581395349,0.956521739130435,1.0,0.9736842105263158,1.0,0.9310344827586207,0.9655172413793102,1.0,1.0,1.0
2809.0,0.8025492791572052,0.931034482758621,0.5902777777777779,0.9736842105263158,0.6666666666666665,0.9761904761904763,0.9545454545454548,1.0,1.0,0.9714285714285718,1.0,1.0,1.0,0.952325581395349,0.956521739130435,1.0,0.9736842105263158,1.0,0.9310344827586207,0.9655172413793102,1.0,1.0,1.0
2863.0,0.7967337046705586,0.931034482758621,0.5902777777777779,0.9736842105263158,0.6333333333333332,0.9761904761904763,0.9545454545454548,1.0,1.0,0.9714285714285718,1.0,0.9600000000000003,1.0,0.952325581395349,0.956521739130435,1.0,0.9736842105263158,1.0,0.9310344827586207,0.9655172413793102,1.0,1.0,1.0
2879.0,0.7967337046705586,0.931034482758621,0.5902777777777779,0.9736842105263158,0.6333333333333332,0.9761904761904763,0.9545454545454548,1.0,1.0,0.9714285714285718,1.0,0.9600000000000003,1.0,0.952325581395349,0.956521739130435,1.0,0.9736842105263158,1.0,0.9310344827586207,0.9655172413793102,1.0,1.0,1.0
2892.0,0.7967337046705586,0.931034482758621,0.5902777777777779,0.9736842105263158,0.6333333333333332,0.9761904761904763,0.9545454545454548,1.0,1.0,0.9714285714285718,1.0,0.9600000000000003,1.0,0.952325581395349,0.956521739130435,1.0,0.9736842105263158,1.0,0.9310344827586207,0.9655172413793102,1.0,1.0,1.0
2909.0,0.7967337046705586,0.931034482758621,0.5902777777777779,0.9736842105263158,0.6333333333333332,0.9761904761904763,0.9545454545454548,1.0,1.0,0.9714285714285718,1.0,0.9600000000000003,1.0,0.952325581395349,0.956521739130435,1.0,0.9736842105263158,1.0,0.9310344827586207,0.9655172413793102,1.0,1.0,1.0
2965.0,0.7967337046705586,0.931034482758621,0.5902777777777779,0.9736842105263158,0.6333333333333332,0.9761904761904763,0.9545454545454548,1.0,1.0,0.9714285714285718,1.0,0.9600000000000003,1.0,0.952325581395349,0.956521739130435,1.0,0.9736842105263158,1.0,0.9310344827586207,0.9655172413793102,1.0,1.0,1.0
2972.0,0.7967337046705586,0.931034482758621,0.5902777777777779,0.9736842105263158,0.6333333333333332,0.9761904761904763,0.9545454545454548,1.0,1.0,0.9714285714285718,1.0,0.9600000000000003,1.0,0.952325581395349,0.956521739130435,1.0,0.9736842105263158,1.0,0.9310344827586207,0.9655172413793102,1.0,1.0,1.0
3121.0,0.7906978432715391,0.931034482758621,0.5481150793650795,0.9736842105263158,0.6333333333333332,0.9761904761904763,0.9545454545454548,1.0,1.0,0.9714285714285718,1.0,0.9600000000000003,1.0,0.952325581395349,0.956521739130435,1.0,0.9736842105263158,1.0,0.9310344827586207,0.9655172413793102,1.0,1.0,1.0
3188.0,0.7906978432715391,0.931034482758621,0.5481150793650795,0.9736842105263158,0.6333333333333332,0.9761904761904763,0.9545454545454548,1.0,1.0,0.9714285714285718,1.0,0.9600000000000003,1.0,0.952325581395349,0.956521739130435,1.0,0.9736842105263158,1.0,0.9310344827586207,0.9655172413793102,1.0,1.0,1.0
3293.0,0.7906978432715391,0.931034482758621,0.5481150793650795,0.9736842105263158,0.6333333333333332,0.9761904761904763,0.9545454545454548,1.0,1.0,0.9714285714285718,1.0,0.9600000000000003,1.0,0.952325581395349,0.956521739130435,1.0,0.9736842105263158,1.0,0.9310344827586207,0.9655172413793102,1.0,1.0,1.0
3296.0,0.7906978432715391,0.931034482758621,0.5481150793650795,0.9736842105263158,0.6333333333333332,0.9761904761904763,0.9545454545454548,1.0,1.0,0.9714285714285718,1.0,0.9600000000000003,1.0,0.952325581395349,0.956521739130435,1.0,0.9736842105263158,1.0,0.9310344827586207,0.9655172413793102,1.0,1.0,1.0
3311.0,0.7906978432715391,0.931034482758621,0.5481150793650795,0.9736842105263158,0.6333333333333332,0.9761904761904763,0.9545454545454548,1.0,1.0,0.9714285714285718,1.0,0.9600000000000003,1.0,0.952325581395349,0.956521739130435,1.0,0.9736842105263158,1.0,0.9310344827586207,0.9655172413793102,1.0,1.0,1.0
3313.0,0.7844718760016846,0.931034482758621,0.5481150793650795,0.9736842105263158,0.6333333333333332,0.9761904761904763,0.9545454545454548,1.0,1.0,0.9714285714285718,1.0,0.9600000000000003,1.0,0.952325581395349,0.956521739130435,1.0,0.9736842105263158,1.0,0.9310344827586207,0.9655172413793102,1.0,1.0,1.0
3492.0,0.7844718760016846,0.931034482758621,0.5481150793650795,0.9736842105263158,0.6333333333333332,0.9761904761904763,0.9545454545454548,1.0,1.0,0.9714285714285718,1.0,0.9600000000000003,1.0,0.952325581395349,0.956521739130435,1.0,0.9736842105263158,1.0,0.9310344827586207,0.9655172413793102,1.0,1.0,1.0
3544.0,0.7844718760016846,0.931034482758621,0.5481150793650795,0.9736842105263158,0.6333333333333332,0.9761904761904763,0.9545454545454548,1.0,1.0,0.9714285714285718,1.0,0.9600000000000003,1.0,0.952325581395349,0.956521739130435,1.0,0.9736842105263158,1.0,0.9310344827586207,0.9655172413793102,1.0,1.0,1.0
3555.0,0.7844718760016846,0.931034482758621,0.5481150793650795,0.9736842105263158,0.6333333333333332,0.9761904761904763,0.9545454545454548,1.0,1.0,0.9714285714285718,1.0,0.9600000000000003,1.0,0.952325581395349,0.956521739130435,1.0,0.9736842105263158,1.0,0.9310344827586207,0.9655172413793102,1.0,1.0,1.0
3608.0,0.7844718760016846,0.931034482758621,0.5481150793650795,0.9736842105263158,0.6333333333333332,0.9761904761904763,0.9545454545454548,1.0,1.0,0.9714285714285718,1.0,0.9600000000000003,1.0,0.952325581395349,0.956521739130435,1.0,0.9736842105263158,1.0,0.9310344827586207,0.9655172413793102,1.0,1.0,1.0
3614.0,0.7844718760016846,0.931034482758621,0.5481150793650795,0.9736842105263158,0.6333333333333332,0.9761904761904763,0.9545454545454548,1.0,1.0,0.9714285714285718,1.0,0.9600000000000003,1.0,0.952325581395349,0.956521739130435,1.0,0.9736842105263158,1.0,0.9310344827586207,0.9655172413793102,1.0,1.0,1.0
3721.0,0.7844718760016846,0.931034482758621,0.5481150793650795,0.9736842105263158,0.6333333333333332,0.9761904761904763,0.9545454545454548,1.0,1.0,0.9714285714285718,1.0,0.9600000000000003,1.0,0.952325581395349,0.956521739130435,1.0,0.9736842105263158,1.0,0.9310344827586207,0.9655172413793102,1.0,1.0,1.0
3771.0,0.7844718760016846,0.931034482758621,0.5481150793650795,0.9736842105263158,0.6333333333333332,0.9761904761904763,0.9545454545454548,1.0,1.0,0.9714285714285718,1.0,0.9600000000000003,1.0,0.952325581395349,0.956521739130435,1.0,0.9736842105263158,1.0,0.9310344827586207,0.9655172413793102,1.0,1.0,1.0
3779.0,0.7844718760016846,0.931034482758621,0.5481150793650795,0.9736842105263158,0.6333333333333332,0.9761904761904763,0.9545454545454548,1.0,1.0,0.9714285714285718,1.0,0.9600000000000003,1.0,0.952325581395349,0.956521739130435,1.0,0.9736842105263158,1.0,0.9310344827586207,0.9655172413793102,1.0,1.0,1.0
3782.0,0.7844718760016846,0.931034482758621,0.5481150793650795,0.9736842105263158,0.6333333333333332,0.9761904761904763,0.9545454545454548,1.0,1.0,0.9714285714285718,1.0,0.9600000000000003,1.0,0.952325581395349,0.956521739130435,1.0,0.9736842105263158,1.0,0.9310344827586207,0.9655172413793102,1.0,1.0,1.0
3800.0,0.7844718760016846,0.931034482758621,0.5481150793650795,0.9736842105263158,0.6333333333333332,0.9761904761904763,0.9545454545454548,1.0,1.0,0.9714285714285718,1.0,0.9600000000000003,1.0,0.952325581395349,0.956521739130435,1.0,0.9736842105263158,1.0,0.9310344827586207,0.9655172413793102,1.0,1.0,1.0
3822.0,0.7777091874154634,0.931034482758621,0.498286435786436,0.9736842105263158,0.6333333333333332,0.9761904761904763,0.9545454545454548,1.0,1.0,0.9714285714285718,1.0,0.9600000000000003,1.0,0.952325581395349,0.956521739130435,1.0,0.9347368421052634,1.0,0.9310344827586207,0.9655172413793102,1.0,1.0,1.0
3855.0,0.7777091874154634,0.931034482758621,0.498286435786436,0.9736842105263158,0.6333333333333332,0.9761904761904763,0.9545454545454548,1.0,1.0,0.9714285714285718,1.0,0.9600000000000003,1.0,0.952325581395349,0.956521739130435,1.0,0.9347368421052634,1.0,0.9310344827586207,0.9655172413793102,1.0,1.0,1.0
3900.0,0.7777091874154634,0.931034482758621,0.498286435786436,0.9736842105263158,0.6333333333333332,0.9761904761904763,0.9545454545454548,1.0,1.0,0.9714285714285718,1.0,0.9600000000000003,1.0,0.952325581395349,0.956521739130435,1.0,0.9347368421052634,1.0,0.9310344827586207,0.9655172413793102,1.0,1.0,1.0
3914.0,0.7777091874154634,0.931034482758621,0.498286435786436,0.9736842105263158,0.6333333333333332,0.9761904761904763,0.9545454545454548,1.0,1.0,0.9714285714285718,1.0,0.9600000000000003,1.0,0.952325581395349,0.956521739130435,1.0,0.9347368421052634,1.0,0.9310344827586207,0.9655172413793102,1.0,1.0,1.0
3964.0,0.7777091874154634,0.931034482758621,0.498286435786436,0.9736842105263158,0.6333333333333332,0.9761904761904763,0.9545454545454548,1.0,1.0,0.9714285714285718,1.0,0.9600000000000003,1.0,0.952325581395349,0.956521739130435,1.0,0.9347368421052634,1.0,0.9310344827586207,0.9655172413793102,1.0,1.0,1.0
3976.0,0.7707027983396488,0.931034482758621,0.498286435786436,0.9441786283891547,0.5805555555555555,0.9498069498069499,0.9545454545454548,0.962962962962963,1.0,0.9714285714285718,1.0,0.9600000000000003,1.0,0.952325581395349,0.956521739130435,0.9615384615384612,0.9347368421052634,0.9666666666666667,0.9310344827586207,0.9655172413793102,0.9666666666666667,0.9655172413793102,1.0
4050.0,0.7636964092638333,0.931034482758621,0.498286435786436,0.9441786283891547,0.5277777777777777,0.9498069498069499,0.9545454545454548,0.962962962962963,1.0,0.9714285714285718,1.0,0.9600000000000003,1.0,0.952325581395349,0.956521739130435,0.9615384615384612,0.9347368421052634,0.9666666666666667,0.9310344827586207,0.9655172413793102,0.9666666666666667,0.9655172413793102,1.0
4052.0,0.7636964092638333,0.931034482758621,0.498286435786436,0.9441786283891547,0.5277777777777777,0.9498069498069499,0.9545454545454548,0.962962962962963,1.0,0.9714285714285718,1.0,0.9600000000000003,1.0,0.952325581395349,0.956521739130435,0.9615384615384612,0.9347368421052634,0.9666666666666667,0.9310344827586207,0.9655172413793102,0.9666666666666667,0.9655172413793102,1.0
4066.0,0.7566251462150937,0.931034482758621,0.498286435786436,0.9441786283891547,0.5277777777777777,0.9498069498069499,0.9545454545454548,0.962962962962963,1.0,0.9714285714285718,1.0,0.9600000000000003,1.0,0.952325581395349,0.956521739130435,0.9615384615384612,0.9347368421052634,0.9666666666666667,0.9310344827586207,0.9655172413793102,0.9666666666666667,0.9655172413793102,1.0
4085.0,0.7566251462150937,0.931034482758621,0.498286435786436,0.9441786283891547,0.5277777777777777,0.9498069498069499,0.9545454545454548,0.962962962962963,1.0,0.9714285714285718,1.0,0.9600000000000003,1.0,0.952325581395349,0.956521739130435,0.9615384615384612,0.9347368421052634,0.9666666666666667,0.9310344827586207,0.9655172413793102,0.9666666666666667,0.9655172413793102,1.0
4178.0,0.7566251462150937,0.931034482758621,0.498286435786436,0.9441786283891547,0.5277777777777777,0.9498069498069499,0.9545454545454548,0.962962962962963,1.0,0.9714285714285718,1.0,0.9600000000000003,1.0,0.952325581395349,0.956521739130435,0.9615384615384612,0.9347368421052634,0.9666666666666667,0.9310344827586207,0.9655172413793102,0.9666666666666667,0.9655172413793102,1.0
4181.0,0.7566251462150937,0.931034482758621,0.498286435786436,0.9441786283891547,0.5277777777777777,0.9498069498069499,0.9545454545454548,0.962962962962963,1.0,0.9714285714285718,1.0,0.9600000000000003,1.0,0.952325581395349,0.956521739130435,0.9615384615384612,0.9347368421052634,0.9666666666666667,0.9310344827586207,0.9655172413793102,0.9666666666666667,0.9655172413793102,1.0
4212.0,0.7493499044245642,0.931034482758621,0.498286435786436,0.9146730462519936,0.5277777777777777,0.9234234234234234,0.9545454545454548,0.962962962962963,0.9545454545454544,0.9714285714285718,1.0,0.9600000000000003,0.95,0.952325581395349,0.956521739130435,0.9615384615384612,0.9347368421052634,0.9666666666666667,0.9310344827586207,0.9655172413793102,0.9666666666666667,0.9655172413793102,1.0
4227.0,0.7493499044245642,0.931034482758621,0.498286435786436,0.9146730462519936,0.5277777777777777,0.9234234234234234,0.9545454545454548,0.962962962962963,0.9545454545454544,0.9714285714285718,1.0,0.9600000000000003,0.95,0.952325581395349,0.956521739130435,0.9615384615384612,0.9347368421052634,0.9666666666666667,0.9310344827586207,0.9655172413793102,0.9666666666666667,0.9655172413793102,1.0
4279.0,0.7493499044245642,0.931034482758621,0.498286435786436,0.9146730462519936,0.5277777777777777,0.9234234234234234,0.9545454545454548,0.962962962962963,0.9545454545454544,0.9714285714285718,1.0,0.9600000000000003,0.95,0.952325581395349,0.956521739130435,0.9615384615384612,0.9347368421052634,0.9666666666666667,0.9310344827586207,0.9655172413793102,0.9666666666666667,0.9655172413793102,1.0
4297.0,0.7493499044245642,0.931034482758621,0.498286435786436,0.9146730462519936,0.5277777777777777,0.9234234234234234,0.9545454545454548,0.962962962962963,0.9545454545454544,0.9714285714285718,1.0,0.9600000000000003,0.95,0.952325581395349,0.956521739130435,0.9615384615384612,0.9347368421052634,0.9666666666666667,0.9310344827586207,0.9655172413793102,0.9666666666666667,0.9655172413793102,1.0
4327.0,0.7493499044245642,0.931034482758621,0.498286435786436,0.9146730462519936,0.5277777777777777,0.9234234234234234,0.9545454545454548,0.962962962962963,0.9545454545454544,0.9714285714285718,1.0,0.9600000000000003,0.95,0.952325581395349,0.956521739130435,0.9615384615384612,0.9347368421052634,0.9666666666666667,0.9310344827586207,0.9655172413793102,0.9666666666666667,0.9655172413793102,1.0
4352.0,0.7493499044245642,0.931034482758621,0.498286435786436,0.9146730462519936,0.5277777777777777,0.9234234234234234,0.9545454545454548,0.962962962962963,0.9545454545454544,0.9714285714285718,1.0,0.9600000000000003,0.95,0.952325581395349,0.956521739130435,0.9615384615384612,0.9347368421052634,0.9666666666666667,0.9310344827586207,0.9655172413793102,0.9666666666666667,0.9655172413793102,1.0
4353.0,0.7417034768283948,0.931034482758621,0.498286435786436,0.8831325963812351,0.5277777777777777,0.8945664414414415,0.9545454545454548,0.9228395061728394,0.9545454545454544,0.9354497354497358,0.9333333333333331,0.9600000000000003,0.95,0.9234672304439747,0.956521739130435,0.9615384615384612,0.8922488038277513,0.9308641975308642,0.9310344827586207,0.9655172413793102,0.9666666666666667,0.9297573435504468,1.0
4415.0,0.7340570492322257,0.931034482758621,0.498286435786436,0.8831325963812351,0.5277777777777777,0.8657094594594595,0.9545454545454548,0.9228395061728394,0.9545454545454544,0.8994708994708995,0.9333333333333331,0.9600000000000003,0.95,0.9234672304439747,0.956521739130435,0.9197324414715718,0.8922488038277513,0.9308641975308642,0.9310344827586207,0.9235382308845577,0.9321428571428574,0.9297573435504468,1.0
4472.0,0.7340570492322257,0.931034482758621,0.498286435786436,0.8831325963812351,0.5277777777777777,0.8657094594594595,0.9545454545454548,0.9228395061728394,0.9545454545454544,0.8994708994708995,0.9333333333333331,0.9600000000000003,0.95,0.9234672304439747,0.956521739130435,0.9197324414715718,0.8922488038277513,0.9308641975308642,0.9310344827586207,0.9235382308845577,0.9321428571428574,0.9297573435504468,1.0
4487.0,0.7340570492322257,0.931034482758621,0.498286435786436,0.8831325963812351,0.5277777777777777,0.8657094594594595,0.9545454545454548,0.9228395061728394,0.9545454545454544,0.8994708994708995,0.9333333333333331,0.9600000000000003,0.95,0.9234672304439747,0.956521739130435,0.9197324414715718,0.8922488038277513,0.9308641975308642,0.9310344827586207,0.9235382308845577,0.9321428571428574,0.9297573435504468,1.0
4537.0,0.7340570492322257,0.931034482758621,0.498286435786436,0.8831325963812351,0.5277777777777777,0.8657094594594595,0.9545454545454548,0.9228395061728394,0.9545454545454544,0.8994708994708995,0.9333333333333331,0.9600000000000003,0.95,0.9234672304439747,0.956521739130435,0.9197324414715718,0.8922488038277513,0.9308641975308642,0.9310344827586207,0.9235382308845577,0.9321428571428574,0.9297573435504468,1.0
4555.0,0.7340570492322257,0.931034482758621,0.498286435786436,0.8831325963812351,0.5277777777777777,0.8657094594594595,0.9545454545454548,0.9228395061728394,0.9545454545454544,0.8994708994708995,0.9333333333333331,0.9600000000000003,0.95,0.9234672304439747,0.956521739130435,0.9197324414715718,0.8922488038277513,0.9308641975308642,0.9310344827586207,0.9235382308845577,0.9321428571428574,0.9297573435504468,1.0
4568.0,0.7340570492322257,0.931034482758621,0.498286435786436,0.8831325963812351,0.5277777777777777,0.8657094594594595,0.9545454545454548,0.9228395061728394,0.9545454545454544,0.8994708994708995,0.9333333333333331,0.9600000000000003,0.95,0.9234672304439747,0.956521739130435,0.9197324414715718,0.8922488038277513,0.9308641975308642,0.9310344827586207,0.9235382308845577,0.9321428571428574,0.9297573435504468,1.0
4596.0,0.7340570492322257,0.931034482758621,0.498286435786436,0.8831325963812351,0.5277777777777777,0.8657094594594595,0.9545454545454548,0.9228395061728394,0.9545454545454544,0.8994708994708995,0.9333333333333331,0.9600000000000003,0.95,0.9234672304439747,0.956521739130435,0.9197324414715718,0.8922488038277513,0.9308641975308642,0.9310344827586207,0.9235382308845577,0.9321428571428574,0.9297573435504468,1.0
4603.0,0.7340570492322257,0.931034482758621,0.498286435786436,0.8831325963812351,0.5277777777777777,0.8657094594594595,0.9545454545454548,0.9228395061728394,0.9545454545454544,0.8994708994708995,0.9333333333333331,0.9600000000000003,0.95,0.9234672304439747,0.956521739130435,0.9197324414715718,0.8922488038277513,0.9308641975308642,0.9310344827586207,0.9235382308845577,0.9321428571428574,0.9297573435504468,1.0
4618.0,0.7258092172183809,0.9028213166144204,0.498286435786436,0.8831325963812351,0.5277777777777777,0.8657094594594595,0.9545454545454548,0.9228395061728394,0.9545454545454544,0.8994708994708995,0.9333333333333331,0.9600000000000003,0.95,0.9234672304439747,0.956521739130435,0.9197324414715718,0.8922488038277513,0.9308641975308642,0.9310344827586207,0.9235382308845577,0.9321428571428574,0.9297573435504468,1.0
4642.0,0.7258092172183809,0.9028213166144204,0.498286435786436,0.8831325963812351,0.5277777777777777,0.8657094594594595,0.9545454545454548,0.9228395061728394,0.9545454545454544,0.8994708994708995,0.9333333333333331,0.9600000000000003,0.95,0.9234672304439747,0.956521739130435,0.9197324414715718,0.8922488038277513,0.9308641975308642,0.9310344827586207,0.9235382308845577,0.9321428571428574,0.9297573435504468,1.0
4652.0,0.7258092172183809,0.9028213166144204,0.498286435786436,0.8831325963812351,0.5277777777777777,0.8657094594594595,0.9545454545454548,0.9228395061728394,0.9545454545454544,0.8994708994708995,0.9333333333333331,0.9600000000000003,0.95,0.9234672304439747,0.956521739130435,0.9197324414715718,0.8922488038277513,0.9308641975308642,0.9310344827586207,0.9235382308845577,0.9321428571428574,0.9297573435504468,1.0
4672.0,0.7258092172183809,0.9028213166144204,0.498286435786436,0.8831325963812351,0.5277777777777777,0.8657094594594595,0.9545454545454548,0.9228395061728394,0.9545454545454544,0.8994708994708995,0.9333333333333331,0.9600000000000003,0.95,0.9234672304439747,0.956521739130435,0.9197324414715718,0.8922488038277513,0.9308641975308642,0.9310344827586207,0.9235382308845577,0.9321428571428574,0.9297573435504468,1.0
4675.0,0.7258092172183809,0.9028213166144204,0.498286435786436,0.8831325963812351,0.5277777777777777,0.8657094594594595,0.9545454545454548,0.9228395061728394,0.9545454545454544,0.8994708994708995,0.9333333333333331,0.9600000000000003,0.95,0.9234672304439747,0.956521739130435,0.9197324414715718,0.8922488038277513,0.9308641975308642,0.9310344827586207,0.9235382308845577,0.9321428571428574,0.9297573435504468,1.0
4681.0,0.7258092172183809,0.9028213166144204,0.498286435786436,0.8831325963812351,0.5277777777777777,0.8657094594594595,0.9545454545454548,0.9228395061728394,0.9545454545454544,0.8994708994708995,0.9333333333333331,0.9600000000000003,0.95,0.9234672304439747,0.956521739130435,0.9197324414715718,0.8922488038277513,0.9308641975308642,0.9310344827586207,0.9235382308845577,0.9321428571428574,0.9297573435504468,1.0
4691.0,0.7258092172183809,0.9028213166144204,0.498286435786436,0.8831325963812351,0.5277777777777777,0.8657094594594595,0.9545454545454548,0.9228395061728394,0.9545454545454544,0.8994708994708995,0.9333333333333331,0.9600000000000003,0.95,0.9234672304439747,0.956521739130435,0.9197324414715718,0.8922488038277513,0.9308641975308642,0.9310344827586207,0.9235382308845577,0.9321428571428574,0.9297573435504468,1.0
4720.0,0.7258092172183809,0.9028213166144204,0.498286435786436,0.8831325963812351,0.5277777777777777,0.8657094594594595,0.9545454545454548,0.9228395061728394,0.9545454545454544,0.8994708994708995,0.9333333333333331,0.9600000000000003,0.95,0.9234672304439747,0.956521739130435,0.9197324414715718,0.8922488038277513,0.9308641975308642,0.9310344827586207,0.9235382308845577,0.9321428571428574,0.9297573435504468,1.0
4744.0,0.7258092172183809,0.9028213166144204,0.498286435786436,0.8831325963812351,0.5277777777777777,0.8657094594594595,0.9545454545454548,0.9228395061728394,0.9545454545454544,0.8994708994708995,0.9333333333333331,0.9600000000000003,0.95,0.9234672304439747,0.956521739130435,0.9197324414715718,0.8922488038277513,0.9308641975308642,0.9310344827586207,0.9235382308845577,0.9321428571428574,0.9297573435504468,1.0
4791.0,0.7258092172183809,0.9028213166144204,0.498286435786436,0.8831325963812351,0.5277777777777777,0.8657094594594595,0.9545454545454548,0.9228395061728394,0.9545454545454544,0.8994708994708995,0.9333333333333331,0.9600000000000003,0.95,0.9234672304439747,0.956521739130435,0.9197324414715718,0.8922488038277513,0.9308641975308642,0.9310344827586207,0.9235382308845577,0.9321428571428574,0.9297573435504468,1.0
4830.0,0.7258092172183809,0.9028213166144204,0.498286435786436,0.8831325963812351,0.5277777777777777,0.8657094594594595,0.9545454545454548,0.9228395061728394,0.9545454545454544,0.8994708994708995,0.9333333333333331,0.9600000000000003,0.95,0.9234672304439747,0.956521739130435,0.9197324414715718,0.8922488038277513,0.9308641975308642,0.9310344827586207,0.9235382308845577,0.9321428571428574,0.9297573435504468,1.0
4857.0,0.7258092172183809,0.9028213166144204,0.498286435786436,0.8831325963812351,0.5277777777777777,0.8657094594594595,0.9545454545454548,0.9228395061728394,0.9545454545454544,0.8994708994708995,0.9333333333333331,0.9600000000000003,0.95,0.9234672304439747,0.956521739130435,0.9197324414715718,0.8922488038277513,0.9308641975308642,0.9310344827586207,0.9235382308845577,0.9321428571428574,0.9297573435504468,1.0
4863.0,0.7258092172183809,0.9028213166144204,0.498286435786436,0.8831325963812351,0.5277777777777777,0.8657094594594595,0.9545454545454548,0.9228395061728394,0.9545454545454544,0.8994708994708995,0.9333333333333331,0.9600000000000003,0.95,0.9234672304439747,0.956521739130435,0.9197324414715718,0.8922488038277513,0.9308641975308642,0.9310344827586207,0.9235382308845577,0.9321428571428574,0.9297573435504468,1.0
4866.0,0.7258092172183809,0.9028213166144204,0.498286435786436,0.8831325963812351,0.5277777777777777,0.8657094594594595,0.9545454545454548,0.9228395061728394,0.9545454545454544,0.8994708994708995,0.9333333333333331,0.9600000000000003,0.95,0.9234672304439747,0.956521739130435,0.9197324414715718,0.8922488038277513,0.9308641975308642,0.9310344827586207,0.9235382308845577,0.9321428571428574,0.9297573435504468,1.0
4874.0,0.7258092172183809,0.9028213166144204,0.498286435786436,0.8831325963812351,0.5277777777777777,0.8657094594594595,0.9545454545454548,0.9228395061728394,0.9545454545454544,0.8994708994708995,0.9333333333333331,0.9600000000000003,0.95,0.9234672304439747,0.956521739130435,0.9197324414715718,0.8922488038277513,0.9308641975308642,0.9310344827586207,0.9235382308845577,0.9321428571428574,0.9297573435504468,1.0
4925.0,0.7258092172183809,0.9028213166144204,0.498286435786436,0.8831325963812351,0.5277777777777777,0.8657094594594595,0.9545454545454548,0.9228395061728394,0.9545454545454544,0.8994708994708995,0.9333333333333331,0.9600000000000003,0.95,0.9234672304439747,0.956521739130435,0.9197324414715718,0.8922488038277513,0.9308641975308642,0.9310344827586207,0.9235382308845577,0.9321428571428574,0.9297573435504468,1.0
4952.0,0.7258092172183809,0.9028213166144204,0.498286435786436,0.8831325963812351,0.5277777777777777,0.8657094594594595,0.9545454545454548,0.9228395061728394,0.9545454545454544,0.8994708994708995,0.9333333333333331,0.9600000000000003,0.95,0.9234672304439747,0.956521739130435,0.9197324414715718,0.8922488038277513,0.9308641975308642,0.9310344827586207,0.9235382308845577,0.9321428571428574,0.9297573435504468,1.0
4980.0,0.7258092172183809,0.9028213166144204,0.498286435786436,0.8831325963812351,0.5277777777777777,0.8657094594594595,0.9545454545454548,0.9228395061728394,0.9545454545454544,0.8994708994708995,0.9333333333333331,0.9600000000000003,0.95,0.9234672304439747,0.956521739130435,0.9197324414715718,0.8922488038277513,0.9308641975308642,0.9310344827586207,0.9235382308845577,0.9321428571428574,0.9297573435504468,1.0
5012.0,0.7258092172183809,0.9028213166144204,0.498286435786436,0.8831325963812351,0.5277777777777777,0.8657094594594595,0.9545454545454548,0.9228395061728394,0.9545454545454544,0.8994708994708995,0.9333333333333331,0.9600000000000003,0.95,0.9234672304439747,0.956521739130435,0.9197324414715718,0.8922488038277513,0.9308641975308642,0.9310344827586207,0.9235382308845577,0.9321428571428574,0.9297573435504468,1.0
5014.0,0.7258092172183809,0.9028213166144204,0.498286435786436,0.8831325963812351,0.5277777777777777,0.8657094594594595,0.9545454545454548,0.9228395061728394,0.9545454545454544,0.8994708994708995,0.9333333333333331,0.9600000000000003,0.95,0.9234672304439747,0.956521739130435,0.9197324414715718,0.8922488038277513,0.9308641975308642,0.9310344827586207,0.9235382308845577,0.9321428571428574,0.9297573435504468,1.0
5035.0,0.7258092172183809,0.9028213166144204,0.498286435786436,0.8831325963812351,0.5277777777777777,0.8657094594594595,0.9545454545454548,0.9228395061728394,0.9545454545454544,0.8994708994708995,0.9333333333333331,0.9600000000000003,0.95,0.9234672304439747,0.956521739130435,0.9197324414715718,0.8922488038277513,0.9308641975308642,0.9310344827586207,0.9235382308845577,0.9321428571428574,0.9297573435504468,1.0
5038.0,0.7258092172183809,0.9028213166144204,0.498286435786436,0.8831325963812351,0.5277777777777777,0.8657094594594595,0.9545454545454548,0.9228395061728394,0.9545454545454544,0.8994708994708995,0.9333333333333331,0.9600000000000003,0.95,0.9234672304439747,0.956521739130435,0.9197324414715718,0.8922488038277513,0.9308641975308642,0.9310344827586207,0.9235382308845577,0.9321428571428574,0.9297573435504468,1.0
5101.0,0.7258092172183809,0.9028213166144204,0.498286435786436,0.8831325963812351,0.5277777777777777,0.8657094594594595,0.9545454545454548,0.9228395061728394,0.9545454545454544,0.8994708994708995,0.9333333333333331,0.9600000000000003,0.95,0.9234672304439747,0.956521739130435,0.9197324414715718,0.8922488038277513,0.9308641975308642,0.9310344827586207,0.9235382308845577,0.9321428571428574,0.9297573435504468,1.0
5110.0,0.7258092172183809,0.9028213166144204,0.498286435786436,0.8831325963812351,0.5277777777777777,0.8657094594594595,0.9545454545454548,0.9228395061728394,0.9545454545454544,0.8994708994708995,0.9333333333333331,0.9600000000000003,0.95,0.9234672304439747,0.956521739130435,0.9197324414715718,0.8922488038277513,0.9308641975308642,0.9310344827586207,0.9235382308845577,0.9321428571428574,0.9297573435504468,1.0
5137.0,0.7258092172183809,0.9028213166144204,0.498286435786436,0.8831325963812351,0.5277777777777777,0.8657094594594595,0.9545454545454548,0.9228395061728394,0.9545454545454544,0.8994708994708995,0.9333333333333331,0.9600000000000003,0.95,0.9234672304439747,0.956521739130435,0.9197324414715718,0.8922488038277513,0.9308641975308642,0.9310344827586207,0.9235382308845577,0.9321428571428574,0.9297573435504468,1.0
5156.0,0.7258092172183809,0.9028213166144204,0.498286435786436,0.8831325963812351,0.5277777777777777,0.8657094594594595,0.9545454545454548,0.9228395061728394,0.9545454545454544,0.8994708994708995,0.9333333333333331,0.9600000000000003,0.95,0.9234672304439747,0.956521739130435,0.9197324414715718,0.8922488038277513,0.9308641975308642,0.9310344827586207,0.9235382308845577,0.9321428571428574,0.9297573435504468,1.0
5181.0,0.7258092172183809,0.9028213166144204,0.498286435786436,0.8831325963812351,0.5277777777777777,0.8657094594594595,0.9545454545454548,0.9228395061728394,0.9545454545454544,0.8994708994708995,0.9333333333333331,0.9600000000000003,0.95,0.9234672304439747,0.956521739130435,0.9197324414715718,0.8922488038277513,0.9308641975308642,0.9310344827586207,0.9235382308845577,0.9321428571428574,0.9297573435504468,1.0
5228.0,0.7258092172183809,0.9028213166144204,0.498286435786436,0.8831325963812351,0.5277777777777777,0.8657094594594595,0.9545454545454548,0.9228395061728394,0.9545454545454544,0.8994708994708995,0.9333333333333331,0.9600000000000003,0.95,0.9234672304439747,0.956521739130435,0.9197324414715718,0.8922488038277513,0.9308641975308642,0.9310344827586207,0.9235382308845577,0.9321428571428574,0.9297573435504468,1.0
5238.0,0.7258092172183809,0.9028213166144204,0.498286435786436,0.8831325963812351,0.5277777777777777,0.8657094594594595,0.9545454545454548,0.9228395061728394,0.9545454545454544,0.8994708994708995,0.9333333333333331,0.9600000000000003,0.95,0.9234672304439747,0.956521739130435,0.9197324414715718,0.8922488038277513,0.9308641975308642,0.9310344827586207,0.9235382308845577,0.9321428571428574,0.9297573435504468,1.0
5306.0,0.7258092172183809,0.9028213166144204,0.498286435786436,0.8831325963812351,0.5277777777777777,0.8657094594594595,0.9545454545454548,0.9228395061728394,0.9545454545454544,0.8994708994708995,0.9333333333333331,0.9600000000000003,0.95,0.9234672304439747,0.956521739130435,0.9197324414715718,0.8922488038277513,0.9308641975308642,0.9310344827586207,0.9235382308845577,0.9321428571428574,0.9297573435504468,1.0
5316.0,0.7258092172183809,0.9028213166144204,0.498286435786436,0.8831325963812351,0.5277777777777777,0.8657094594594595,0.9545454545454548,0.9228395061728394,0.9545454545454544,0.8994708994708995,0.9333333333333331,0.9600000000000003,0.95,0.9234672304439747,0.956521739130435,0.9197324414715718,0.8922488038277513,0.9308641975308642,0.9310344827586207,0.9235382308845577,0.9321428571428574,0.9297573435504468,1.0
5359.0,0.7258092172183809,0.9028213166144204,0.498286435786436,0.8831325963812351,0.5277777777777777,0.8657094594594595,0.9545454545454548,0.9228395061728394,0.9545454545454544,0.8994708994708995,0.9333333333333331,0.9600000000000003,0.95,0.9234672304439747,0.956521739130435,0.9197324414715718,0.8922488038277513,0.9308641975308642,0.9310344827586207,0.9235382308845577,0.9321428571428574,0.9297573435504468,1.0
5379.0,0.7258092172183809,0.9028213166144204,0.498286435786436,0.8831325963812351,0.5277777777777777,0.8657094594594595,0.9545454545454548,0.9228395061728394,0.9545454545454544,0.8994708994708995,0.9333333333333331,0.9600000000000003,0.95,0.9234672304439747,0.956521739130435,0.9197324414715718,0.8922488038277513,0.9308641975308642,0.9310344827586207,0.9235382308845577,0.9321428571428574,0.9297573435504468,1.0
5406.0,0.7258092172183809,0.9028213166144204,0.498286435786436,0.8831325963812351,0.5277777777777777,0.8657094594594595,0.9545454545454548,0.9228395061728394,0.9545454545454544,0.8994708994708995,0.9333333333333331,0.9600000000000003,0.95,0.9234672304439747,0.956521739130435,0.9197324414715718,0.8922488038277513,0.9308641975308642,0.9310344827586207,0.9235382308845577,0.9321428571428574,0.9297573435504468,1.0
5433.0,0.7258092172183809,0.9028213166144204,0.498286435786436,0.8831325963812351,0.5277777777777777,0.8657094594594595,0.9545454545454548,0.9228395061728394,0.9545454545454544,0.8994708994708995,0.9333333333333331,0.9600000000000003,0.95,0.9234672304439747,0.956521739130435,0.9197324414715718,0.8922488038277513,0.9308641975308642,0.9310344827586207,0.9235382308845577,0.9321428571428574,0.9297573435504468,1.0
5519.0,0.7258092172183809,0.9028213166144204,0.498286435786436,0.8831325963812351,0.5277777777777777,0.8657094594594595,0.9545454545454548,0.9228395061728394,0.9545454545454544,0.8994708994708995,0.9333333333333331,0.9600000000000003,0.95,0.9234672304439747,0.956521739130435,0.9197324414715718,0.8922488038277513,0.9308641975308642,0.9310344827586207,0.9235382308845577,0.9321428571428574,0.9297573435504468,1.0
5530.0,0.7258092172183809,0.9028213166144204,0.498286435786436,0.8831325963812351,0.5277777777777777,0.8657094594594595,0.9545454545454548,0.9228395061728394,0.9545454545454544,0.8994708994708995,0.9333333333333331,0.9600000000000003,0.95,0.9234672304439747,0.956521739130435,0.9197324414715718,0.8922488038277513,0.9308641975308642,0.9310344827586207,0.9235382308845577,0.9321428571428574,0.9297573435504468,1.0
5533.0,0.7258092172183809,0.9028213166144204,0.498286435786436,0.8831325963812351,0.5277777777777777,0.8657094594594595,0.9545454545454548,0.9228395061728394,0.9545454545454544,0.8994708994708995,0.9333333333333331,0.9600000000000003,0.95,0.9234672304439747,0.956521739130435,0.9197324414715718,0.8922488038277513,0.9308641975308642,0.9310344827586207,0.9235382308845577,0.9321428571428574,0.9297573435504468,1.0
5551.0,0.7258092172183809,0.9028213166144204,0.498286435786436,0.8831325963812351,0.5277777777777777,0.8657094594594595,0.9545454545454548,0.9228395061728394,0.9545454545454544,0.8994708994708995,0.9333333333333331,0.9600000000000003,0.95,0.9234672304439747,0.956521739130435,0.9197324414715718,0.8922488038277513,0.9308641975308642,0.9310344827586207,0.9235382308845577,0.9321428571428574,0.9297573435504468,1.0
5571.0,0.7258092172183809,0.9028213166144204,0.498286435786436,0.8831325963812351,0.5277777777777777,0.8657094594594595,0.9545454545454548,0.9228395061728394,0.9545454545454544,0.8994708994708995,0.9333333333333331,0.9600000000000003,0.95,0.9234672304439747,0.956521739130435,0.9197324414715718,0.8922488038277513,0.9308641975308642,0.9310344827586207,0.9235382308845577,0.9321428571428574,0.9297573435504468,1.0
5602.0,0.7258092172183809,0.9028213166144204,0.498286435786436,0.8831325963812351,0.5277777777777777,0.8657094594594595,0.9545454545454548,0.9228395061728394,0.9545454545454544,0.8994708994708995,0.9333333333333331,0.9600000000000003,0.95,0.9234672304439747,0.956521739130435,0.9197324414715718,0.8922488038277513,0.9308641975308642,0.9310344827586207,0.9235382308845577,0.9321428571428574,0.9297573435504468,1.0
5612.0,0.7258092172183809,0.9028213166144204,0.498286435786436,0.8831325963812351,0.5277777777777777,0.8657094594594595,0.9545454545454548,0.9228395061728394,0.9545454545454544,0.8994708994708995,0.9333333333333331,0.9600000000000003,0.95,0.9234672304439747,0.956521739130435,0.9197324414715718,0.8922488038277513,0.9308641975308642,0.9310344827586207,0.9235382308845577,0.9321428571428574,0.9297573435504468,1.0
5651.0,0.7258092172183809,0.9028213166144204,0.498286435786436,0.8831325963812351,0.5277777777777777,0.8657094594594595,0.9545454545454548,0.9228395061728394,0.9545454545454544,0.8994708994708995,0.9333333333333331,0.9600000000000003,0.95,0.9234672304439747,0.956521739130435,0.9197324414715718,0.8922488038277513,0.9308641975308642,0.9310344827586207,0.9235382308845577,0.9321428571428574,0.9297573435504468,1.0
5653.0,0.7258092172183809,0.9028213166144204,0.498286435786436,0.8831325963812351,0.5277777777777777,0.8657094594594595,0.9545454545454548,0.9228395061728394,0.9545454545454544,0.8994708994708995,0.9333333333333331,0.9600000000000003,0.95,0.9234672304439747,0.956521739130435,0.9197324414715718,0.8922488038277513,0.9308641975308642,0.9310344827586207,0.9235382308845577,0.9321428571428574,0.9297573435504468,1.0
5661.0,0.7258092172183809,0.9028213166144204,0.498286435786436,0.8831325963812351,0.5277777777777777,0.8657094594594595,0.9545454545454548,0.9228395061728394,0.9545454545454544,0.8994708994708995,0.9333333333333331,0.9600000000000003,0.95,0.9234672304439747,0.956521739130435,0.9197324414715718,0.8922488038277513,0.9308641975308642,0.9310344827586207,0.9235382308845577,0.9321428571428574,0.9297573435504468,1.0
5673.0,0.7258092172183809,0.9028213166144204,0.498286435786436,0.8831325963812351,0.5277777777777777,0.8657094594594595,0.9545454545454548,0.9228395061728394,0.9545454545454544,0.8994708994708995,0.9333333333333331,0.9600000000000003,0.95,0.9234672304439747,0.956521739130435,0.9197324414715718,0.8922488038277513,0.9308641975308642,0.9310344827586207,0.9235382308845577,0.9321428571428574,0.9297573435504468,1.0
5678.0,0.7258092172183809,0.9028213166144204,0.498286435786436,0.8831325963812351,0.5277777777777777,0.8657094594594595,0.9545454545454548,0.9228395061728394,0.9545454545454544,0.8994708994708995,0.9333333333333331,0.9600000000000003,0.95,0.9234672304439747,0.956521739130435,0.9197324414715718,0.8922488038277513,0.9308641975308642,0.9310344827586207,0.9235382308845577,0.9321428571428574,0.9297573435504468,1.0
5683.0,0.7258092172183809,0.9028213166144204,0.498286435786436,0.8831325963812351,0.5277777777777777,0.8657094594594595,0.9545454545454548,0.9228395061728394,0.9545454545454544,0.8994708994708995,0.9333333333333331,0.9600000000000003,0.95,0.9234672304439747,0.956521739130435,0.9197324414715718,0.8922488038277513,0.9308641975308642,0.9310344827586207,0.9235382308845577,0.9321428571428574,0.9297573435504468,1.0
5684.0,0.7258092172183809,0.9028213166144204,0.498286435786436,0.8831325963812351,0.5277777777777777,0.8657094594594595,0.9545454545454548,0.9228395061728394,0.9545454545454544,0.8994708994708995,0.9333333333333331,0.9600000000000003,0.95,0.9234672304439747,0.956521739130435,0.9197324414715718,0.8922488038277513,0.9308641975308642,0.9310344827586207,0.9235382308845577,0.9321428571428574,0.9297573435504468,1.0
5685.0,0.7258092172183809,0.9028213166144204,0.498286435786436,0.8831325963812351,0.5277777777777777,0.8657094594594595,0.9545454545454548,0.9228395061728394,0.9545454545454544,0.8994708994708995,0.9333333333333331,0.9600000000000003,0.95,0.9234672304439747,0.956521739130435,0.9197324414715718,0.8922488038277513,0.9308641975308642,0.9310344827586207,0.9235382308845577,0.9321428571428574,0.9297573435504468,1.0
5693.0,0.7258092172183809,0.9028213166144204,0.498286435786436,0.8831325963812351,0.5277777777777777,0.8657094594594595,0.9545454545454548,0.9228395061728394,0.9545454545454544,0.8994708994708995,0.9333333333333331,0.9600000000000003,0.95,0.9234672304439747,0.956521739130435,0.9197324414715718,0.8922488038277513,0.9308641975308642,0.9310344827586207,0.9235382308845577,0.9321428571428574,0.9297573435504468,1.0
5714.0,0.7258092172183809,0.9028213166144204,0.498286435786436,0.8831325963812351,0.5277777777777777,0.8657094594594595,0.9545454545454548,0.9228395061728394,0.9545454545454544,0.8994708994708995,0.9333333333333331,0.9600000000000003,0.95,0.9234672304439747,0.956521739130435,0.9197324414715718,0.8922488038277513,0.9308641975308642,0.9310344827586207,0.9235382308845577,0.9321428571428574,0.9297573435504468,1.0
5723.0,0.7258092172183809,0.9028213166144204,0.498286435786436,0.8831325963812351,0.5277777777777777,0.8657094594594595,0.9545454545454548,0.9228395061728394,0.9545454545454544,0.8994708994708995,0.9333333333333331,0.9600000000000003,0.95,0.9234672304439747,0.956521739130435,0.9197324414715718,0.8922488038277513,0.9308641975308642,0.9310344827586207,0.9235382308845577,0.9321428571428574,0.9297573435504468,1.0
5768.0,0.7258092172183809,0.9028213166144204,0.498286435786436,0.8831325963812351,0.5277777777777777,0.8657094594594595,0.9545454545454548,0.9228395061728394,0.9545454545454544,0.8994708994708995,0.9333333333333331,0.9600000000000003,0.95,0.9234672304439747,0.956521739130435,0.9197324414715718,0.8922488038277513,0.9308641975308642,0.9310344827586207,0.9235382308845577,0.9321428571428574,0.9297573435504468,1.0
5779.0,0.7258092172183809,0.9028213166144204,0.498286435786436,0.8831325963812351,0.5277777777777777,0.8657094594594595,0.9545454545454548,0.9228395061728394,0.9545454545454544,0.8994708994708995,0.9333333333333331,0.9600000000000003,0.95,0.9234672304439747,0.956521739130435,0.9197324414715718,0.8922488038277513,0.9308641975308642,0.9310344827586207,0.9235382308845577,0.9321428571428574,0.9297573435504468,1.0
5785.0,0.7258092172183809,0.9028213166144204,0.498286435786436,0.8831325963812351,0.5277777777777777,0.8657094594594595,0.9545454545454548,0.9228395061728394,0.9545454545454544,0.8994708994708995,0.9333333333333331,0.9600000000000003,0.95,0.9234672304439747,0.956521739130435,0.9197324414715718,0.8922488038277513,0.9308641975308642,0.9310344827586207,0.9235382308845577,0.9321428571428574,0.9297573435504468,1.0
5816.0,0.7258092172183809,0.9028213166144204,0.498286435786436,0.8831325963812351,0.5277777777777777,0.8657094594594595,0.9545454545454548,0.9228395061728394,0.9545454545454544,0.8994708994708995,0.9333333333333331,0.9600000000000003,0.95,0.9234672304439747,0.956521739130435,0.9197324414715718,0.8922488038277513,0.9308641975308642,0.9310344827586207,0.9235382308845577,0.9321428571428574,0.9297573435504468,1.0
5823.0,0.7258092172183809,0.9028213166144204,0.498286435786436,0.8831325963812351,0.5277777777777777,0.8657094594594595,0.9545454545454548,0.9228395061728394,0.9545454545454544,0.8994708994708995,0.9333333333333331,0.9600000000000003,0.95,0.9234672304439747,0.956521739130435,0.9197324414715718,0.8922488038277513,0.9308641975308642,0.9310344827586207,0.9235382308845577,0.9321428571428574,0.9297573435504468,1.0
5860.0,0.7258092172183809,0.9028213166144204,0.498286435786436,0.8831325963812351,0.5277777777777777,0.8657094594594595,0.9545454545454548,0.9228395061728394,0.9545454545454544,0.8994708994708995,0.9333333333333331,0.9600000000000003,0.95,0.9234672304439747,0.956521739130435,0.9197324414715718,0.8922488038277513,0.9308641975308642,0.9310344827586207,0.9235382308845577,0.9321428571428574,0.9297573435504468,1.0
5909.0,0.7258092172183809,0.9028213166144204,0.498286435786436,0.8831325963812351,0.5277777777777777,0.8657094594594595,0.9545454545454548,0.9228395061728394,0.9545454545454544,0.8994708994708995,0.9333333333333331,0.9600000000000003,0.95,0.9234672304439747,0.956521739130435,0.9197324414715718,0.8922488038277513,0.9308641975308642,0.9310344827586207,0.9235382308845577,0.9321428571428574,0.9297573435504468,1.0
5917.0,0.7258092172183809,0.9028213166144204,0.498286435786436,0.8831325963812351,0.5277777777777777,0.8657094594594595,0.9545454545454548,0.9228395061728394,0.9545454545454544,0.8994708994708995,0.9333333333333331,0.9600000000000003,0.95,0.9234672304439747,0.956521739130435,0.9197324414715718,0.8922488038277513,0.9308641975308642,0.9310344827586207,0.9235382308845577,0.9321428571428574,0.9297573435504468,1.0
5945.0,0.7258092172183809,0.9028213166144204,0.498286435786436,0.8831325963812351,0.5277777777777777,0.8657094594594595,0.9545454545454548,0.9228395061728394,0.9545454545454544,0.8994708994708995,0.9333333333333331,0.9600000000000003,0.95,0.9234672304439747,0.956521739130435,0.9197324414715718,0.8922488038277513,0.9308641975308642,0.9310344827586207,0.9235382308845577,0.9321428571428574,0.9297573435504468,1.0
5947.0,0.7258092172183809,0.9028213166144204,0.498286435786436,0.8831325963812351,0.5277777777777777,0.8657094594594595,0.9545454545454548,0.9228395061728394,0.9545454545454544,0.8994708994708995,0.9333333333333331,0.9600000000000003,0.95,0.9234672304439747,0.956521739130435,0.9197324414715718,0.8922488038277513,0.9308641975308642,0.9310344827586207,0.9235382308845577,0.9321428571428574,0.9297573435504468,1.0
5984.0,0.7258092172183809,0.9028213166144204,0.498286435786436,0.8831325963812351,0.5277777777777777,0.8657094594594595,0.9545454545454548,0.9228395061728394,0.9545454545454544,0.8994708994708995,0.9333333333333331,0.9600000000000003,0.95,0.9234672304439747,0.956521739130435,0.9197324414715718,0.8922488038277513,0.9308641975308642,0.9310344827586207,0.9235382308845577,0.9321428571428574,0.9297573435504468,1.0
6003.0,0.7258092172183809,0.9028213166144204,0.498286435786436,0.8831325963812351,0.5277777777777777,0.8657094594594595,0.9545454545454548,0.9228395061728394,0.9545454545454544,0.8994708994708995,0.9333333333333331,0.9600000000000003,0.95,0.9234672304439747,0.956521739130435,0.9197324414715718,0.8922488038277513,0.9308641975308642,0.9310344827586207,0.9235382308845577,0.9321428571428574,0.9297573435504468,1.0
6007.0,0.7258092172183809,0.9028213166144204,0.498286435786436,0.8831325963812351,0.5277777777777777,0.8657094594594595,0.9545454545454548,0.9228395061728394,0.9545454545454544,0.8994708994708995,0.9333333333333331,0.9600000000000003,0.95,0.9234672304439747,0.956521739130435,0.9197324414715718,0.8922488038277513,0.9308641975308642,0.9310344827586207,0.9235382308845577,0.9321428571428574,0.9297573435504468,1.0
6132.0,0.7258092172183809,0.9028213166144204,0.498286435786436,0.8831325963812351,0.5277777777777777,0.8657094594594595,0.9545454545454548,0.9228395061728394,0.9545454545454544,0.8994708994708995,0.9333333333333331,0.9600000000000003,0.95,0.9234672304439747,0.956521739130435,0.9197324414715718,0.8922488038277513,0.9308641975308642,0.9310344827586207,0.9235382308845577,0.9321428571428574,0.9297573435504468,1.0
6135.0,0.7258092172183809,0.9028213166144204,0.498286435786436,0.8831325963812351,0.5277777777777777,0.8657094594594595,0.9545454545454548,0.9228395061728394,0.9545454545454544,0.8994708994708995,0.9333333333333331,0.9600000000000003,0.95,0.9234672304439747,0.956521739130435,0.9197324414715718,0.8922488038277513,0.9308641975308642,0.9310344827586207,0.9235382308845577,0.9321428571428574,0.9297573435504468,1.0
6161.0,0.7258092172183809,0.9028213166144204,0.498286435786436,0.8831325963812351,0.5277777777777777,0.8657094594594595,0.9545454545454548,0.9228395061728394,0.9545454545454544,0.8994708994708995,0.9333333333333331,0.9600000000000003,0.95,0.9234672304439747,0.956521739130435,0.9197324414715718,0.8922488038277513,0.9308641975308642,0.9310344827586207,0.9235382308845577,0.9321428571428574,0.9297573435504468,1.0
6232.0,0.7258092172183809,0.9028213166144204,0.498286435786436,0.8831325963812351,0.5277777777777777,0.8657094594594595,0.9545454545454548,0.9228395061728394,0.9545454545454544,0.8994708994708995,0.9333333333333331,0.9600000000000003,0.95,0.9234672304439747,0.956521739130435,0.9197324414715718,0.8922488038277513,0.9308641975308642,0.9310344827586207,0.9235382308845577,0.9321428571428574,0.9297573435504468,1.0
6240.0,0.7258092172183809,0.9028213166144204,0.498286435786436,0.8831325963812351,0.5277777777777777,0.8657094594594595,0.9545454545454548,0.9228395061728394,0.9545454545454544,0.8994708994708995,0.9333333333333331,0.9600000000000003,0.95,0.9234672304439747,0.956521739130435,0.9197324414715718,0.8922488038277513,0.9308641975308642,0.9310344827586207,0.9235382308845577,0.9321428571428574,0.9297573435504468,1.0
6249.0,0.7258092172183809,0.9028213166144204,0.498286435786436,0.8831325963812351,0.5277777777777777,0.8657094594594595,0.9545454545454548,0.9228395061728394,0.9545454545454544,0.8994708994708995,0.9333333333333331,0.9600000000000003,0.95,0.9234672304439747,0.956521739130435,0.9197324414715718,0.8922488038277513,0.9308641975308642,0.9310344827586207,0.9235382308845577,0.9321428571428574,0.9297573435504468,1.0
6255.0,0.7258092172183809,0.9028213166144204,0.498286435786436,0.8831325963812351,0.5277777777777777,0.8657094594594595,0.9545454545454548,0.9228395061728394,0.9545454545454544,0.8994708994708995,0.9333333333333331,0.9600000000000003,0.95,0.9234672304439747,0.956521739130435,0.9197324414715718,0.8922488038277513,0.9308641975308642,0.9310344827586207,0.9235382308845577,0.9321428571428574,0.9297573435504468,1.0
6281.0,0.7258092172183809,0.9028213166144204,0.498286435786436,0.8831325963812351,0.5277777777777777,0.8657094594594595,0.9545454545454548,0.9228395061728394,0.9545454545454544,0.8994708994708995,0.9333333333333331,0.9600000000000003,0.95,0.9234672304439747,0.956521739130435,0.9197324414715718,0.8922488038277513,0.9308641975308642,0.9310344827586207,0.9235382308845577,0.9321428571428574,0.9297573435504468,1.0
6295.0,0.7258092172183809,0.9028213166144204,0.498286435786436,0.8831325963812351,0.5277777777777777,0.8657094594594595,0.9545454545454548,0.9228395061728394,0.9545454545454544,0.8994708994708995,0.9333333333333331,0.9600000000000003,0.95,0.9234672304439747,0.956521739130435,0.9197324414715718,0.8922488038277513,0.9308641975308642,0.9310344827586207,0.9235382308845577,0.9321428571428574,0.9297573435504468,1.0
6298.0,0.7258092172183809,0.9028213166144204,0.498286435786436,0.8831325963812351,0.5277777777777777,0.8657094594594595,0.9545454545454548,0.9228395061728394,0.9545454545454544,0.8994708994708995,0.9333333333333331,0.9600000000000003,0.95,0.9234672304439747,0.956521739130435,0.9197324414715718,0.8922488038277513,0.9308641975308642,0.9310344827586207,0.9235382308845577,0.9321428571428574,0.9297573435504468,1.0
6352.0,0.7258092172183809,0.9028213166144204,0.498286435786436,0.8831325963812351,0.5277777777777777,0.8657094594594595,0.9545454545454548,0.9228395061728394,0.9545454545454544,0.8994708994708995,0.9333333333333331,0.9600000000000003,0.95,0.9234672304439747,0.956521739130435,0.9197324414715718,0.8922488038277513,0.9308641975308642,0.9310344827586207,0.9235382308845577,0.9321428571428574,0.9297573435504468,1.0
6507.0,0.7258092172183809,0.9028213166144204,0.498286435786436,0.8831325963812351,0.5277777777777777,0.8657094594594595,0.9545454545454548,0.9228395061728394,0.9545454545454544,0.8994708994708995,0.9333333333333331,0.9600000000000003,0.95,0.9234672304439747,0.956521739130435,0.9197324414715718,0.8922488038277513,0.9308641975308642,0.9310344827586207,0.9235382308845577,0.9321428571428574,0.9297573435504468,1.0
6591.0,0.7258092172183809,0.9028213166144204,0.498286435786436,0.8831325963812351,0.5277777777777777,0.8657094594594595,0.9545454545454548,0.9228395061728394,0.9545454545454544,0.8994708994708995,0.9333333333333331,0.9600000000000003,0.95,0.9234672304439747,0.956521739130435,0.9197324414715718,0.8922488038277513,0.9308641975308642,0.9310344827586207,0.9235382308845577,0.9321428571428574,0.9297573435504468,1.0
6777.0,0.6221221861871836,0.9028213166144204,0.498286435786436,0.8831325963812351,0.26388888888888884,0.8657094594594595,0.9545454545454548,0.9228395061728394,0.9545454545454544,0.8994708994708995,0.9333333333333331,0.9600000000000003,0.95,0.9234672304439747,0.956521739130435,0.9197324414715718,0.8922488038277513,0.9308641975308642,0.9310344827586207,0.9235382308845577,0.9321428571428574,0.9297573435504468,1.0
6943.0,0.6221221861871836,0.9028213166144204,0.498286435786436,0.8831325963812351,0.26388888888888884,0.8657094594594595,0.9545454545454548,0.9228395061728394,0.9545454545454544,0.8994708994708995,0.9333333333333331,0.9600000000000003,0.95,0.9234672304439747,0.956521739130435,0.9197324414715718,0.8922488038277513,0.9308641975308642,0.9310344827586207,0.9235382308845577,0.9321428571428574,0.9297573435504468,1.0
7023.0,0.6221221861871836,0.9028213166144204,0.498286435786436,0.8831325963812351,0.26388888888888884,0.8657094594594595,0.9545454545454548,0.9228395061728394,0.9545454545454544,0.8994708994708995,0.9333333333333331,0.9600000000000003,0.95,0.9234672304439747,0.956521739130435,0.9197324414715718,0.8922488038277513,0.9308641975308642,0.9310344827586207,0.9235382308845577,0.9321428571428574,0.9297573435504468,1.0
7057.0,0.6221221861871836,0.9028213166144204,0.498286435786436,0.8831325963812351,0.26388888888888884,0.8657094594594595,0.9545454545454548,0.9228395061728394,0.9545454545454544,0.8994708994708995,0.9333333333333331,0.9600000000000003,0.95,0.9234672304439747,0.956521739130435,0.9197324414715718,0.8922488038277513,0.9308641975308642,0.9310344827586207,0.9235382308845577,0.9321428571428574,0.9297573435504468,1.0
7185.0,0.41474812412478906,0.9028213166144204,0.498286435786436,0.8831325963812351,0.26388888888888884,0.8657094594594595,0.9545454545454548,0.9228395061728394,0.9545454545454544,0.8994708994708995,0.9333333333333331,0.9600000000000003,0.95,0.46173361522198736,0.956521739130435,0.9197324414715718,0.8922488038277513,0.9308641975308642,0.9310344827586207,0.9235382308845577,0.9321428571428574,0.0,1.0
8711.0,0.41474812412478906,0.9028213166144204,0.498286435786436,0.8831325963812351,0.26388888888888884,0.8657094594594595,0.9545454545454548,0.9228395061728394,0.9545454545454544,0.8994708994708995,0.9333333333333331,0.9600000000000003,0.95,0.46173361522198736,0.956521739130435,0.9197324414715718,0.8922488038277513,0.9308641975308642,0.9310344827586207,0.9235382308845577,0.9321428571428574,0.0,1.0
9108.0,0.41474812412478906,0.9028213166144204,0.498286435786436,0.8831325963812351,0.26388888888888884,0.8657094594594595,0.9545454545454548,0.9228395061728394,0.9545454545454544,0.8994708994708995,0.9333333333333331,0.9600000000000003,0.95,0.46173361522198736,0.956521739130435,0.9197324414715718,0.8922488038277513,0.9308641975308642,0.9310344827586207,0.9235382308845577,0.9321428571428574,0.0,1.0
