times,population,R0,R1,R2,R3,R4,R5,R6,R7,R8,R9,R10,R11
0.0,1.0,1.0,1.0,1.0,1.0,1.0,1.0,1.0,1.0,1.0,1.0,1.0,1.0
41.0,0.9963768115942037,0.9705882352941175,0.9838709677419355,1.0,0.9722222222222221,1.0,0.9824561403508775,1.0,0.9655172413793102,1.0,0.9642857142857144,1.0,0.982142857142857
51.0,0.9927536231884064,0.9411764705882352,0.9677419354838706,1.0,0.9444444444444446,0.9772727272727274,0.9824561403508775,1.0,0.9310344827586207,1.0,0.9642857142857144,1.0,0.964285714285714
71.0,0.9891304347826091,0.9117647058823528,0.9516129032258066,0.9795918367346942,0.9166666666666667,0.9545454545454548,0.9824561403508775,1.0,0.896551724137931,0.9756097560975607,0.9642857142857144,1.0,0.964285714285714
77.0,0.9855072463768124,0.8823529411764706,0.9354838709677415,0.9591836734693877,0.888888888888889,0.9318181818181821,0.9649122807017545,0.9743589743589743,0.8620689655172411,0.9512195121951217,0.9285714285714287,1.0,0.964285714285714
110.0,0.9818840579710151,0.8823529411764706,0.9354838709677415,0.9591836734693877,0.888888888888889,0.9090909090909092,0.9649122807017545,0.9743589743589743,0.8620689655172411,0.9512195121951217,0.9285714285714287,1.0,0.964285714285714
131.0,0.9782608695652181,0.8529411764705882,0.9193548387096774,0.9387755102040818,0.8611111111111112,0.8863636363636364,0.9473684210526316,0.9487179487179488,0.8275862068965517,0.9268292682926826,0.8928571428571428,1.0,0.964285714285714
140.0,0.9746376811594206,0.8529411764705882,0.9193548387096774,0.9387755102040818,0.8611111111111112,0.8863636363636364,0.9298245614035088,0.9487179487179488,0.8275862068965517,0.9268292682926826,0.8928571428571428,1.0,0.9464285714285712
179.0,0.9710144927536234,0.8235294117647056,0.9032258064516132,0.9183673469387755,0.8333333333333335,0.8636363636363636,0.9298245614035088,0.9487179487179488,0.793103448275862,0.9024390243902437,0.8928571428571428,1.0,0.9285714285714284
186.0,0.9673913043478266,0.8235294117647056,0.9032258064516132,0.9183673469387755,0.8333333333333335,0.8409090909090909,0.9298245614035088,0.9487179487179488,0.793103448275862,0.9024390243902437,0.8928571428571428,1.0,0.9107142857142853
191.0,0.9637681159420294,0.8235294117647056,0.9032258064516132,0.9183673469387755,0.8333333333333335,0.8409090909090909,0.9298245614035088,0.9487179487179488,0.793103448275862,0.9024390243902437,0.8928571428571428,1.0,0.8928571428571423
198.0,0.9601449275362322,0.8235294117647056,0.9032258064516132,0.9183673469387755,0.8333333333333335,0.8409090909090909,0.9298245614035088,0.9487179487179488,0.793103448275862,0.9024390243902437,0.8928571428571428,1.0,0.8928571428571423
216.0,0.956521739130435,0.7941176470588235,0.8870967741935485,0.8979591836734694,0.8055555555555557,0.8181818181818182,0.912280701754386,0.9230769230769231,0.7586206896551725,0.8780487804878047,0.8571428571428573,1.0,0.8928571428571423
223.0,0.9528985507246382,0.7647058823529411,0.8709677419354839,0.8775510204081634,0.7777777777777778,0.8181818181818182,0.912280701754386,0.9230769230769231,0.7241379310344827,0.8536585365853656,0.8571428571428573,1.0,0.8749999999999996
264.0,0.9492753623188407,0.7352941176470585,0.8548387096774194,0.8571428571428573,0.7500000000000001,0.7954545454545454,0.894736842105263,0.8974358974358974,0.6896551724137929,0.8292682926829269,0.8214285714285715,1.0,0.8749999999999996
304.0,0.9456521739130441,0.7352941176470585,0.8548387096774194,0.8571428571428573,0.7500000000000001,0.7727272727272729,0.894736842105263,0.8974358974358974,0.6896551724137929,0.8292682926829269,0.8214285714285715,1.0,0.857142857142857
321.0,0.9420289855072467,0.7352941176470585,0.8548387096774194,0.8571428571428573,0.7500000000000001,0.7500000000000001,0.8771929824561402,0.871794871794872,0.6896551724137929,0.8292682926829269,0.7857142857142859,1.0,0.857142857142857
326.0,0.9384057971014493,0.7352941176470585,0.8387096774193549,0.8367346938775513,0.7222222222222223,0.7500000000000001,0.8596491228070173,0.8461538461538463,0.6896551724137929,0.8048780487804876,0.7857142857142859,1.0,0.857142857142857
334.0,0.9347826086956524,0.7058823529411764,0.8225806451612901,0.816326530612245,0.6944444444444444,0.7500000000000001,0.8596491228070173,0.8461538461538463,0.6551724137931032,0.7804878048780487,0.7857142857142859,1.0,0.8392857142857139
348.0,0.9311594202898558,0.6764705882352939,0.8064516129032256,0.7959183673469388,0.6666666666666669,0.7500000000000001,0.8421052631578948,0.8205128205128206,0.6206896551724136,0.7560975609756097,0.7500000000000001,1.0,0.8214285714285712
388.0,0.9275362318840582,0.6764705882352939,0.8064516129032256,0.7959183673469388,0.6666666666666669,0.7500000000000001,0.8421052631578948,0.8205128205128206,0.6206896551724136,0.7560975609756097,0.7500000000000001,1.0,0.8035714285714282
400.0,0.923913043478261,0.6470588235294118,0.790322580645161,0.7755102040816326,0.638888888888889,0.7272727272727274,0.8245614035087717,0.794871794871795,0.5862068965517241,0.7317073170731707,0.7142857142857143,1.0,0.8035714285714282
460.0,0.9202898550724642,0.6176470588235293,0.7741935483870969,0.7551020408163266,0.6111111111111113,0.7045454545454547,0.8245614035087717,0.794871794871795,0.5517241379310344,0.7073170731707317,0.7142857142857143,1.0,0.8035714285714282
515.0,0.9166666666666672,0.6176470588235293,0.7741935483870969,0.7551020408163266,0.6111111111111113,0.7045454545454547,0.8245614035087717,0.794871794871795,0.5517241379310344,0.7073170731707317,0.7142857142857143,0.9886363636363632,0.8035714285714282
533.0,0.9166666666666672,0.6176470588235293,0.7741935483870969,0.7551020408163266,0.6111111111111113,0.7045454545454547,0.8245614035087717,0.794871794871795,0.5517241379310344,0.7073170731707317,0.7142857142857143,0.9886363636363632,0.8035714285714282
549.0,0.9130291005291006,0.5882352941176469,0.758064516129032,0.7346938775510204,0.5833333333333334,0.681818181818182,0.8070175438596491,0.7692307692307694,0.5172413793103448,0.6829268292682925,0.6785714285714285,0.9886363636363632,0.8035714285714282
552.0,0.9093915343915344,0.5882352941176469,0.758064516129032,0.7346938775510204,0.5833333333333334,0.681818181818182,0.8070175438596491,0.7692307692307694,0.5172413793103448,0.6829268292682925,0.6785714285714285,0.9886363636363632,0.8035714285714282
597.0,0.9057539682539685,0.5882352941176469,0.7419354838709677,0.7142857142857143,0.5555555555555556,0.681818181818182,0.7894736842105261,0.7435897435897437,0.5172413793103448,0.6585365853658536,0.6785714285714285,0.9886363636363632,0.8035714285714282
611.0,0.9021164021164028,0.5882352941176469,0.7419354838709677,0.7142857142857143,0.5555555555555556,0.681818181818182,0.7894736842105261,0.7435897435897437,0.5172413793103448,0.6585365853658536,0.6785714285714285,0.9886363636363632,0.7857142857142853
673.0,0.8984788359788366,0.5882352941176469,0.7419354838709677,0.7142857142857143,0.5555555555555556,0.6590909090909093,0.7719298245614034,0.7435897435897437,0.5172413793103448,0.6585365853658536,0.6428571428571428,0.9886363636363632,0.7857142857142853
694.0,0.89484126984127,0.5882352941176469,0.7419354838709677,0.7142857142857143,0.5555555555555556,0.6363636363636364,0.7543859649122806,0.717948717948718,0.5172413793103448,0.6585365853658536,0.6071428571428573,0.9772727272727265,0.7857142857142853
732.0,0.89484126984127,0.5882352941176469,0.7419354838709677,0.7142857142857143,0.5555555555555556,0.6363636363636364,0.7543859649122806,0.717948717948718,0.5172413793103448,0.6585365853658536,0.6071428571428573,0.9772727272727265,0.7857142857142853
733.0,0.8911888564949789,0.5882352941176469,0.7254480286738351,0.6932773109243696,0.5277777777777777,0.6363636363636364,0.7368421052631579,0.6923076923076924,0.5172413793103448,0.6332082551594744,0.6071428571428573,0.9772727272727265,0.7857142857142853
737.0,0.8911888564949789,0.5882352941176469,0.7254480286738351,0.6932773109243696,0.5277777777777777,0.6363636363636364,0.7368421052631579,0.6923076923076924,0.5172413793103448,0.6332082551594744,0.6071428571428573,0.9772727272727265,0.7857142857142853
750.0,0.8875214126410906,0.5882352941176469,0.7254480286738351,0.6932773109243696,0.5277777777777777,0.6136363636363638,0.7192982456140351,0.6666666666666669,0.5172413793103448,0.6332082551594744,0.5714285714285714,0.9772727272727265,0.7857142857142853
762.0,0.8838539687872013,0.5882352941176469,0.7254480286738351,0.6932773109243696,0.5277777777777777,0.590909090909091,0.7017543859649121,0.641025641025641,0.5172413793103448,0.6332082551594744,0.5357142857142858,0.9772727272727265,0.7678571428571425
769.0,0.8801865249333126,0.5882352941176469,0.7254480286738351,0.6932773109243696,0.5277777777777777,0.590909090909091,0.6842105263157893,0.6153846153846155,0.5172413793103448,0.6332082551594744,0.49999999999999994,0.9772727272727265,0.7678571428571425
786.0,0.8765190810794242,0.5882352941176469,0.7254480286738351,0.6932773109243696,0.5277777777777777,0.590909090909091,0.6842105263157893,0.6153846153846155,0.5172413793103448,0.6332082551594744,0.49999999999999994,0.9772727272727265,0.7678571428571425
788.0,0.8765190810794242,0.5882352941176469,0.7254480286738351,0.6932773109243696,0.5277777777777777,0.590909090909091,0.6842105263157893,0.6153846153846155,0.5172413793103448,0.6332082551594744,0.49999999999999994,0.9772727272727265,0.7678571428571425
790.0,0.8728362277975779,0.5588235294117645,0.7085771442860715,0.672268907563025,0.5277777777777777,0.590909090909091,0.6842105263157893,0.6153846153846155,0.482758620689655,0.6078799249530956,0.49999999999999994,0.9772727272727265,0.7678571428571425
797.0,0.8691533745157317,0.5294117647058821,0.691706259898308,0.672268907563025,0.5277777777777777,0.590909090909091,0.6662049861495843,0.6153846153846155,0.44827586206896547,0.6078799249530956,0.46428571428571436,0.9772727272727265,0.7678571428571425
799.0,0.8654705212338849,0.5294117647058821,0.6748353755105443,0.6512605042016806,0.5277777777777777,0.590909090909091,0.6481994459833793,0.5897435897435898,0.44827586206896547,0.6078799249530956,0.46428571428571436,0.9772727272727265,0.7499999999999998
837.0,0.8654705212338849,0.5294117647058821,0.6748353755105443,0.6512605042016806,0.5277777777777777,0.590909090909091,0.6481994459833793,0.5897435897435898,0.44827586206896547,0.6078799249530956,0.46428571428571436,0.9772727272727265,0.7499999999999998
839.0,0.8654705212338849,0.5294117647058821,0.6748353755105443,0.6512605042016806,0.5277777777777777,0.590909090909091,0.6481994459833793,0.5897435897435898,0.44827586206896547,0.6078799249530956,0.46428571428571436,0.9772727272727265,0.7499999999999998
850.0,0.8617560554775167,0.5294117647058821,0.6748353755105443,0.6512605042016806,0.5277777777777777,0.5672727272727276,0.6481994459833793,0.5897435897435898,0.44827586206896547,0.6078799249530956,0.46428571428571436,0.9772727272727265,0.732142857142857
853.0,0.8580415897211479,0.5294117647058821,0.6575319043436072,0.6295518207282912,0.49999999999999994,0.5672727272727276,0.6296794618124258,0.5629370629370629,0.44827586206896547,0.5814503629986134,0.46428571428571436,0.9772727272727265,0.714285714285714
859.0,0.8543271239647796,0.5294117647058821,0.6402284331766702,0.6295518207282912,0.4722222222222223,0.5672727272727276,0.6296794618124258,0.5629370629370629,0.44827586206896547,0.5814503629986134,0.46428571428571436,0.9772727272727265,0.714285714285714
877.0,0.8543271239647796,0.5294117647058821,0.6402284331766702,0.6295518207282912,0.4722222222222223,0.5672727272727276,0.6296794618124258,0.5629370629370629,0.44827586206896547,0.5814503629986134,0.46428571428571436,0.9772727272727265,0.714285714285714
890.0,0.850596437833929,0.4982698961937714,0.6229249620097332,0.6078431372549017,0.4444444444444444,0.5672727272727276,0.611159477641472,0.536130536130536,0.44827586206896547,0.5814503629986134,0.4255952380952382,0.9772727272727265,0.6964285714285711
901.0,0.850596437833929,0.4982698961937714,0.6229249620097332,0.6078431372549017,0.4444444444444444,0.5672727272727276,0.611159477641472,0.536130536130536,0.44827586206896547,0.5814503629986134,0.4255952380952382,0.9772727272727265,0.6964285714285711
904.0,0.8468493169624141,0.4982698961937714,0.6229249620097332,0.6078431372549017,0.4444444444444444,0.5672727272727276,0.611159477641472,0.536130536130536,0.44827586206896547,0.5814503629986134,0.4255952380952382,0.9772727272727265,0.6785714285714283
930.0,0.8431021960908986,0.4671280276816607,0.6056214908427962,0.5861344537815125,0.4444444444444444,0.5672727272727276,0.611159477641472,0.536130536130536,0.410919540229885,0.5550208010441309,0.4255952380952382,0.9772727272727265,0.6607142857142854
939.0,0.8431021960908986,0.4671280276816607,0.6056214908427962,0.5861344537815125,0.4444444444444444,0.5672727272727276,0.611159477641472,0.536130536130536,0.410919540229885,0.5550208010441309,0.4255952380952382,0.9772727272727265,0.6607142857142854
943.0,0.8393383470012075,0.4671280276816607,0.5883180196758593,0.5644257703081231,0.4444444444444444,0.5672727272727276,0.5926394934705184,0.5093240093240091,0.410919540229885,0.5285912390896483,0.4255952380952382,0.9772727272727265,0.6607142857142854
974.0,0.8355744979115157,0.4671280276816607,0.5710145485089221,0.5427170868347336,0.4444444444444444,0.5672727272727276,0.5741195092995647,0.4825174825174824,0.410919540229885,0.5021616771351659,0.4255952380952382,0.9772727272727265,0.6607142857142854
980.0,0.8318106488218241,0.4359861591695499,0.5537110773419851,0.5210084033613445,0.4166666666666667,0.5436363636363638,0.5741195092995647,0.4825174825174824,0.37356321839080464,0.4757321151806835,0.4255952380952382,0.9772727272727265,0.6607142857142854
994.0,0.8318106488218241,0.4359861591695499,0.5537110773419851,0.5210084033613445,0.4166666666666667,0.5436363636363638,0.5741195092995647,0.4825174825174824,0.37356321839080464,0.4757321151806835,0.4255952380952382,0.9772727272727265,0.6607142857142854
999.0,0.8280296913271792,0.4359861591695499,0.5537110773419851,0.5210084033613445,0.4166666666666667,0.5436363636363638,0.555599525128611,0.4825174825174824,0.37356321839080464,0.4757321151806835,0.4255952380952382,0.9772727272727265,0.6423611111111107
1012.0,0.8242487338325343,0.4359861591695499,0.5537110773419851,0.5210084033613445,0.4166666666666667,0.5436363636363638,0.5370795409576573,0.4825174825174824,0.37356321839080464,0.4757321151806835,0.38690476190476203,0.9772727272727265,0.6240079365079364
1030.0,0.8242487338325343,0.4359861591695499,0.5537110773419851,0.5210084033613445,0.4166666666666667,0.5436363636363638,0.5370795409576573,0.4825174825174824,0.37356321839080464,0.4757321151806835,0.38690476190476203,0.9772727272727265,0.6240079365079364
1067.0,0.8242487338325343,0.4359861591695499,0.5537110773419851,0.5210084033613445,0.4166666666666667,0.5436363636363638,0.5370795409576573,0.4825174825174824,0.37356321839080464,0.4757321151806835,0.38690476190476203,0.9772727272727265,0.6240079365079364
1077.0,0.820432767472198,0.40484429065743927,0.5358494296857921,0.4983558640847644,0.38888888888888884,0.5436363636363638,0.5370795409576573,0.4825174825174824,0.37356321839080464,0.4757321151806835,0.38690476190476203,0.9772727272727265,0.6240079365079364
1080.0,0.8166168011118622,0.40484429065743927,0.517987782029599,0.4983558640847644,0.38888888888888884,0.5436363636363638,0.5370795409576573,0.4825174825174824,0.37356321839080464,0.4757321151806835,0.38690476190476203,0.9772727272727265,0.6240079365079364
1083.0,0.8128008347515269,0.37370242214532856,0.5001261343734058,0.4757033248081841,0.36111111111111116,0.5200000000000004,0.5370795409576573,0.4825174825174824,0.33620689655172414,0.44774787311123143,0.38690476190476203,0.9772727272727265,0.6240079365079364
1084.0,0.8128008347515269,0.37370242214532856,0.5001261343734058,0.4757033248081841,0.36111111111111116,0.5200000000000004,0.5370795409576573,0.4825174825174824,0.33620689655172414,0.44774787311123143,0.38690476190476203,0.9772727272727265,0.6240079365079364
1149.0,0.8128008347515269,0.37370242214532856,0.5001261343734058,0.4757033248081841,0.36111111111111116,0.5200000000000004,0.5370795409576573,0.4825174825174824,0.33620689655172414,0.44774787311123143,0.38690476190476203,0.9772727272727265,0.6240079365079364
1152.0,0.8089486980939364,0.37370242214532856,0.5001261343734058,0.4757033248081841,0.36111111111111116,0.5200000000000004,0.5185595567867035,0.4557109557109557,0.33620689655172414,0.44774787311123143,0.38690476190476203,0.9772727272727265,0.6050986050986049
1153.0,0.8089486980939364,0.37370242214532856,0.5001261343734058,0.4757033248081841,0.36111111111111116,0.5200000000000004,0.5185595567867035,0.4557109557109557,0.33620689655172414,0.44774787311123143,0.38690476190476203,0.9772727272727265,0.6050986050986049
1165.0,0.8050781301604726,0.37370242214532856,0.5001261343734058,0.4757033248081841,0.36111111111111116,0.49636363636363656,0.5185595567867035,0.4557109557109557,0.33620689655172414,0.44774787311123143,0.38690476190476203,0.9772727272727265,0.6050986050986049
1170.0,0.8012075622270086,0.37370242214532856,0.48226448671721284,0.45305078553160383,0.33333333333333337,0.49636363636363656,0.5000395726157499,0.4289044289044288,0.33620689655172414,0.4197636310417795,0.38690476190476203,0.9772727272727265,0.6050986050986049
1191.0,0.7934664263600815,0.3114186851211072,0.4465411914048266,0.4077457069784434,0.27777777777777785,0.4727272727272729,0.4815195884447962,0.4020979020979021,0.26149425287356315,0.36379514690287557,0.3482142857142858,0.9772727272727265,0.6050986050986049
1212.0,0.7895958584266172,0.3114186851211072,0.4465411914048266,0.4077457069784434,0.27777777777777785,0.4727272727272729,0.4815195884447962,0.4020979020979021,0.26149425287356315,0.36379514690287557,0.3482142857142858,0.9772727272727265,0.6050986050986049
1216.0,0.7895958584266172,0.3114186851211072,0.4465411914048266,0.4077457069784434,0.27777777777777785,0.4727272727272729,0.4815195884447962,0.4020979020979021,0.26149425287356315,0.36379514690287557,0.3482142857142858,0.9772727272727265,0.6050986050986049
1230.0,0.7895958584266172,0.3114186851211072,0.4465411914048266,0.4077457069784434,0.27777777777777785,0.4727272727272729,0.4815195884447962,0.4020979020979021,0.26149425287356315,0.36379514690287557,0.3482142857142858,0.9772727272727265,0.6050986050986049
1234.0,0.7895958584266172,0.3114186851211072,0.4465411914048266,0.4077457069784434,0.27777777777777785,0.4727272727272729,0.4815195884447962,0.4020979020979021,0.26149425287356315,0.36379514690287557,0.3482142857142858,0.9772727272727265,0.6050986050986049
1235.0,0.7856478791344843,0.3114186851211072,0.4465411914048266,0.4077457069784434,0.27777777777777785,0.4727272727272729,0.4815195884447962,0.4020979020979021,0.26149425287356315,0.36379514690287557,0.3482142857142858,0.9772727272727265,0.5855792952567145
1250.0,0.7856478791344843,0.3114186851211072,0.4465411914048266,0.4077457069784434,0.27777777777777785,0.4727272727272729,0.4815195884447962,0.4020979020979021,0.26149425287356315,0.36379514690287557,0.3482142857142858,0.9772727272727265,0.5855792952567145
1271.0,0.7856478791344843,0.3114186851211072,0.4465411914048266,0.4077457069784434,0.27777777777777785,0.4727272727272729,0.4815195884447962,0.4020979020979021,0.26149425287356315,0.36379514690287557,0.3482142857142858,0.9772727272727265,0.5855792952567145
1293.0,0.7856478791344843,0.3114186851211072,0.4465411914048266,0.4077457069784434,0.27777777777777785,0.4727272727272729,0.4815195884447962,0.4020979020979021,0.26149425287356315,0.36379514690287557,0.3482142857142858,0.9772727272727265,0.5855792952567145
1295.0,0.7856478791344843,0.3114186851211072,0.4465411914048266,0.4077457069784434,0.27777777777777785,0.4727272727272729,0.4815195884447962,0.4020979020979021,0.26149425287356315,0.36379514690287557,0.3482142857142858,0.9772727272727265,0.5855792952567145
1297.0,0.7816189156517434,0.3114186851211072,0.4279353084296254,0.38509316770186336,0.27777777777777785,0.4727272727272729,0.4622588049070045,0.3752913752913752,0.26149425287356315,0.36379514690287557,0.3482142857142858,0.9772727272727265,0.5855792952567145
1300.0,0.7816189156517434,0.3114186851211072,0.4279353084296254,0.38509316770186336,0.27777777777777785,0.4727272727272729,0.4622588049070045,0.3752913752913752,0.26149425287356315,0.36379514690287557,0.3482142857142858,0.9772727272727265,0.5855792952567145
1301.0,0.7816189156517434,0.3114186851211072,0.4279353084296254,0.38509316770186336,0.27777777777777785,0.4727272727272729,0.4622588049070045,0.3752913752913752,0.26149425287356315,0.36379514690287557,0.3482142857142858,0.9772727272727265,0.5855792952567145
1302.0,0.7816189156517434,0.3114186851211072,0.4279353084296254,0.38509316770186336,0.27777777777777785,0.4727272727272729,0.4622588049070045,0.3752913752913752,0.26149425287356315,0.36379514690287557,0.3482142857142858,0.9772727272727265,0.5855792952567145
1320.0,0.7816189156517434,0.3114186851211072,0.4279353084296254,0.38509316770186336,0.27777777777777785,0.4727272727272729,0.4622588049070045,0.3752913752913752,0.26149425287356315,0.36379514690287557,0.3482142857142858,0.9772727272727265,0.5855792952567145
1321.0,0.7816189156517434,0.3114186851211072,0.4279353084296254,0.38509316770186336,0.27777777777777785,0.4727272727272729,0.4622588049070045,0.3752913752913752,0.26149425287356315,0.36379514690287557,0.3482142857142858,0.9772727272727265,0.5855792952567145
1329.0,0.7816189156517434,0.3114186851211072,0.4279353084296254,0.38509316770186336,0.27777777777777785,0.4727272727272729,0.4622588049070045,0.3752913752913752,0.26149425287356315,0.36379514690287557,0.3482142857142858,0.9772727272727265,0.5855792952567145
1349.0,0.7816189156517434,0.3114186851211072,0.4279353084296254,0.38509316770186336,0.27777777777777785,0.4727272727272729,0.4622588049070045,0.3752913752913752,0.26149425287356315,0.36379514690287557,0.3482142857142858,0.9772727272727265,0.5855792952567145
1356.0,0.7774391353541407,0.2669303015323776,0.4065385430081441,0.35758651286601606,0.24305555555555566,0.4727272727272729,0.4622588049070045,0.3752913752913752,0.20919540229885053,0.3334788846609693,0.3482142857142858,0.9772727272727265,0.5646657489975462
1360.0,0.7732593550565371,0.2669303015323776,0.4065385430081441,0.35758651286601606,0.24305555555555566,0.4727272727272729,0.4622588049070045,0.3752913752913752,0.20919540229885053,0.3334788846609693,0.3482142857142858,0.9772727272727265,0.5437522027383779
1363.0,0.7732593550565371,0.2669303015323776,0.4065385430081441,0.35758651286601606,0.24305555555555566,0.4727272727272729,0.4622588049070045,0.3752913752913752,0.20919540229885053,0.3334788846609693,0.3482142857142858,0.9772727272727265,0.5437522027383779
1401.0,0.7732593550565371,0.2669303015323776,0.4065385430081441,0.35758651286601606,0.24305555555555566,0.4727272727272729,0.4622588049070045,0.3752913752913752,0.20919540229885053,0.3334788846609693,0.3482142857142858,0.9772727272727265,0.5437522027383779
1408.0,0.7732593550565371,0.2669303015323776,0.4065385430081441,0.35758651286601606,0.24305555555555566,0.4727272727272729,0.4622588049070045,0.3752913752913752,0.20919540229885053,0.3334788846609693,0.3482142857142858,0.9772727272727265,0.5437522027383779
1412.0,0.7732593550565371,0.2669303015323776,0.4065385430081441,0.35758651286601606,0.24305555555555566,0.4727272727272729,0.4622588049070045,0.3752913752913752,0.20919540229885053,0.3334788846609693,0.3482142857142858,0.9772727272727265,0.5437522027383779
1413.0,0.7689634697506673,0.2669303015323776,0.38514177758666285,0.33007985803016865,0.20833333333333343,0.4727272727272729,0.44216059599800445,0.3464228079612694,0.20919540229885053,0.30316262241906305,0.3482142857142858,0.9772727272727265,0.5437522027383779
1418.0,0.7689634697506673,0.2669303015323776,0.38514177758666285,0.33007985803016865,0.20833333333333343,0.4727272727272729,0.44216059599800445,0.3464228079612694,0.20919540229885053,0.30316262241906305,0.3482142857142858,0.9772727272727265,0.5437522027383779
1420.0,0.7689634697506673,0.2669303015323776,0.38514177758666285,0.33007985803016865,0.20833333333333343,0.4727272727272729,0.44216059599800445,0.3464228079612694,0.20919540229885053,0.30316262241906305,0.3482142857142858,0.9772727272727265,0.5437522027383779
1427.0,0.7646190433678951,0.2669303015323776,0.3624863789050944,0.3025732031943213,0.20833333333333343,0.4727272727272729,0.4220623870890041,0.31755424063116366,0.20919540229885053,0.2728463601771567,0.3482142857142858,0.9772727272727265,0.5437522027383779
1433.0,0.7646190433678951,0.2669303015323776,0.3624863789050944,0.3025732031943213,0.20833333333333343,0.4727272727272729,0.4220623870890041,0.31755424063116366,0.20919540229885053,0.2728463601771567,0.3482142857142858,0.9772727272727265,0.5437522027383779
1434.0,0.760249791691507,0.2669303015323776,0.3624863789050944,0.3025732031943213,0.20833333333333343,0.44318181818181834,0.40196417818000385,0.2886856733010579,0.20919540229885053,0.2728463601771567,0.2984693877551021,0.9772727272727265,0.5437522027383779
1435.0,0.760249791691507,0.2669303015323776,0.3624863789050944,0.3025732031943213,0.20833333333333343,0.44318181818181834,0.40196417818000385,0.2886856733010579,0.20919540229885053,0.2728463601771567,0.2984693877551021,0.9772727272727265,0.5437522027383779
1444.0,0.7558297347630685,0.2669303015323776,0.33983098022352604,0.27506654835847394,0.20833333333333343,0.44318181818181834,0.40196417818000385,0.2886856733010579,0.20919540229885053,0.24253009793525032,0.2984693877551021,0.9772727272727265,0.5437522027383779
1455.0,0.7558297347630685,0.2669303015323776,0.33983098022352604,0.27506654835847394,0.20833333333333343,0.44318181818181834,0.40196417818000385,0.2886856733010579,0.20919540229885053,0.24253009793525032,0.2984693877551021,0.9772727272727265,0.5437522027383779
1457.0,0.7558297347630685,0.2669303015323776,0.33983098022352604,0.27506654835847394,0.20833333333333343,0.44318181818181834,0.40196417818000385,0.2886856733010579,0.20919540229885053,0.24253009793525032,0.2984693877551021,0.9772727272727265,0.5437522027383779
1481.0,0.7558297347630685,0.2669303015323776,0.33983098022352604,0.27506654835847394,0.20833333333333343,0.44318181818181834,0.40196417818000385,0.2886856733010579,0.20919540229885053,0.24253009793525032,0.2984693877551021,0.9772727272727265,0.5437522027383779
1487.0,0.751330748246622,0.2669303015323776,0.33983098022352604,0.27506654835847394,0.20833333333333343,0.44318181818181834,0.40196417818000385,0.2886856733010579,0.20919540229885053,0.24253009793525032,0.2984693877551021,0.9772727272727265,0.5220021146288429
1504.0,0.751330748246622,0.2669303015323776,0.33983098022352604,0.27506654835847394,0.20833333333333343,0.44318181818181834,0.40196417818000385,0.2886856733010579,0.20919540229885053,0.24253009793525032,0.2984693877551021,0.9772727272727265,0.5220021146288429
1525.0,0.751330748246622,0.2669303015323776,0.33983098022352604,0.27506654835847394,0.20833333333333343,0.44318181818181834,0.40196417818000385,0.2886856733010579,0.20919540229885053,0.24253009793525032,0.2984693877551021,0.9772727272727265,0.5220021146288429
1536.0,0.7467772285602793,0.2669303015323776,0.33983098022352604,0.27506654835847394,0.20833333333333343,0.44318181818181834,0.38186596927100364,0.2886856733010579,0.20919540229885053,0.24253009793525032,0.2984693877551021,0.9772727272727265,0.5220021146288429
1542.0,0.7467772285602793,0.2669303015323776,0.33983098022352604,0.27506654835847394,0.20833333333333343,0.44318181818181834,0.38186596927100364,0.2886856733010579,0.20919540229885053,0.24253009793525032,0.2984693877551021,0.9772727272727265,0.5220021146288429
1558.0,0.7467772285602793,0.2669303015323776,0.33983098022352604,0.27506654835847394,0.20833333333333343,0.44318181818181834,0.38186596927100364,0.2886856733010579,0.20919540229885053,0.24253009793525032,0.2984693877551021,0.9772727272727265,0.5220021146288429
1568.0,0.7467772285602793,0.2669303015323776,0.33983098022352604,0.27506654835847394,0.20833333333333343,0.44318181818181834,0.38186596927100364,0.2886856733010579,0.20919540229885053,0.24253009793525032,0.2984693877551021,0.9772727272727265,0.5220021146288429
1569.0,0.7467772285602793,0.2669303015323776,0.33983098022352604,0.27506654835847394,0.20833333333333343,0.44318181818181834,0.38186596927100364,0.2886856733010579,0.20919540229885053,0.24253009793525032,0.2984693877551021,0.9772727272727265,0.5220021146288429
1576.0,0.7421098708817778,0.2669303015323776,0.33983098022352604,0.27506654835847394,0.20833333333333343,0.44318181818181834,0.38186596927100364,0.2886856733010579,0.20919540229885053,0.24253009793525032,0.2984693877551021,0.9772727272727265,0.5002520265193077
1592.0,0.7421098708817778,0.2669303015323776,0.33983098022352604,0.27506654835847394,0.20833333333333343,0.44318181818181834,0.38186596927100364,0.2886856733010579,0.20919540229885053,0.24253009793525032,0.2984693877551021,0.9772727272727265,0.5002520265193077
1614.0,0.7421098708817778,0.2669303015323776,0.33983098022352604,0.27506654835847394,0.20833333333333343,0.44318181818181834,0.38186596927100364,0.2886856733010579,0.20919540229885053,0.24253009793525032,0.2984693877551021,0.9772727272727265,0.5002520265193077
1615.0,0.7421098708817778,0.2669303015323776,0.33983098022352604,0.27506654835847394,0.20833333333333343,0.44318181818181834,0.38186596927100364,0.2886856733010579,0.20919540229885053,0.24253009793525032,0.2984693877551021,0.9772727272727265,0.5002520265193077
1656.0,0.7421098708817778,0.2669303015323776,0.33983098022352604,0.27506654835847394,0.20833333333333343,0.44318181818181834,0.38186596927100364,0.2886856733010579,0.20919540229885053,0.24253009793525032,0.2984693877551021,0.9772727272727265,0.5002520265193077
1657.0,0.7372909756163113,0.2669303015323776,0.3155573387789885,0.24450359854086562,0.20833333333333343,0.44318181818181834,0.38186596927100364,0.2886856733010579,0.20919540229885053,0.21221383569334407,0.2984693877551021,0.9772727272727265,0.5002520265193077
1666.0,0.7372909756163113,0.2669303015323776,0.3155573387789885,0.24450359854086562,0.20833333333333343,0.44318181818181834,0.38186596927100364,0.2886856733010579,0.20919540229885053,0.21221383569334407,0.2984693877551021,0.9772727272727265,0.5002520265193077
1682.0,0.7324403770925197,0.2669303015323776,0.3155573387789885,0.24450359854086562,0.20833333333333343,0.44318181818181834,0.35940326519623866,0.25259996413842567,0.20919540229885053,0.21221383569334407,0.23877551020408172,0.9638854296388537,0.47643050144695964
1690.0,0.7227391800449368,0.20019772614928324,0.291283697334451,0.21394064872325746,0.20833333333333343,0.44318181818181834,0.35940326519623866,0.25259996413842567,0.139463601532567,0.18189757345143778,0.23877551020408172,0.9638854296388537,0.47643050144695964
1701.0,0.7227391800449368,0.20019772614928324,0.291283697334451,0.21394064872325746,0.20833333333333343,0.44318181818181834,0.35940326519623866,0.25259996413842567,0.139463601532567,0.18189757345143778,0.23877551020408172,0.9638854296388537,0.47643050144695964
1702.0,0.7227391800449368,0.20019772614928324,0.291283697334451,0.21394064872325746,0.20833333333333343,0.44318181818181834,0.35940326519623866,0.25259996413842567,0.139463601532567,0.18189757345143778,0.23877551020408172,0.9638854296388537,0.47643050144695964
1735.0,0.7227391800449368,0.20019772614928324,0.291283697334451,0.21394064872325746,0.20833333333333343,0.44318181818181834,0.35940326519623866,0.25259996413842567,0.139463601532567,0.18189757345143778,0.23877551020408172,0.9638854296388537,0.47643050144695964
1741.0,0.7177889116884645,0.20019772614928324,0.291283697334451,0.21394064872325746,0.20833333333333343,0.44318181818181834,0.35940326519623866,0.25259996413842567,0.139463601532567,0.18189757345143778,0.23877551020408172,0.9638854296388537,0.47643050144695964
1765.0,0.7177889116884645,0.20019772614928324,0.291283697334451,0.21394064872325746,0.20833333333333343,0.44318181818181834,0.35940326519623866,0.25259996413842567,0.139463601532567,0.18189757345143778,0.23877551020408172,0.9638854296388537,0.47643050144695964
1769.0,0.7177889116884645,0.20019772614928324,0.291283697334451,0.21394064872325746,0.20833333333333343,0.44318181818181834,0.35940326519623866,0.25259996413842567,0.139463601532567,0.18189757345143778,0.23877551020408172,0.9638854296388537,0.47643050144695964
1770.0,0.7177889116884645,0.20019772614928324,0.291283697334451,0.21394064872325746,0.20833333333333343,0.44318181818181834,0.35940326519623866,0.25259996413842567,0.139463601532567,0.18189757345143778,0.23877551020408172,0.9638854296388537,0.47643050144695964
1776.0,0.7177889116884645,0.20019772614928324,0.291283697334451,0.21394064872325746,0.20833333333333343,0.44318181818181834,0.35940326519623866,0.25259996413842567,0.139463601532567,0.18189757345143778,0.23877551020408172,0.9638854296388537,0.47643050144695964
1783.0,0.7177889116884645,0.20019772614928324,0.291283697334451,0.21394064872325746,0.20833333333333343,0.44318181818181834,0.35940326519623866,0.25259996413842567,0.139463601532567,0.18189757345143778,0.23877551020408172,0.9638854296388537,0.47643050144695964
1785.0,0.7177889116884645,0.20019772614928324,0.291283697334451,0.21394064872325746,0.20833333333333343,0.44318181818181834,0.35940326519623866,0.25259996413842567,0.139463601532567,0.18189757345143778,0.23877551020408172,0.9638854296388537,0.47643050144695964
1786.0,0.7126249626835119,0.20019772614928324,0.291283697334451,0.21394064872325746,0.20833333333333343,0.44318181818181834,0.35940326519623866,0.25259996413842567,0.139463601532567,0.18189757345143778,0.23877551020408172,0.9497106439088701,0.449962140255462
1790.0,0.7126249626835119,0.20019772614928324,0.291283697334451,0.21394064872325746,0.20833333333333343,0.44318181818181834,0.35940326519623866,0.25259996413842567,0.139463601532567,0.18189757345143778,0.23877551020408172,0.9497106439088701,0.449962140255462
1810.0,0.7126249626835119,0.20019772614928324,0.291283697334451,0.21394064872325746,0.20833333333333343,0.44318181818181834,0.35940326519623866,0.25259996413842567,0.139463601532567,0.18189757345143778,0.23877551020408172,0.9497106439088701,0.449962140255462
1827.0,0.7073850732520155,0.10009886307464164,0.26480336121313724,0.17828387393604786,0.16666666666666674,0.40625000000000017,0.33544304751648935,0.21049997011535473,0.0697318007662835,0.15158131120953147,0.1591836734693878,0.9497106439088701,0.449962140255462
1831.0,0.7073850732520155,0.10009886307464164,0.26480336121313724,0.17828387393604786,0.16666666666666674,0.40625000000000017,0.33544304751648935,0.21049997011535473,0.0697318007662835,0.15158131120953147,0.1591836734693878,0.9497106439088701,0.449962140255462
1832.0,0.7073850732520155,0.10009886307464164,0.26480336121313724,0.17828387393604786,0.16666666666666674,0.40625000000000017,0.33544304751648935,0.21049997011535473,0.0697318007662835,0.15158131120953147,0.1591836734693878,0.9497106439088701,0.449962140255462
1847.0,0.702066388490722,0.10009886307464164,0.26480336121313724,0.17828387393604786,0.16666666666666674,0.40625000000000017,0.33544304751648935,0.21049997011535473,0.0697318007662835,0.15158131120953147,0.1591836734693878,0.9497106439088701,0.449962140255462
1882.0,0.702066388490722,0.10009886307464164,0.26480336121313724,0.17828387393604786,0.16666666666666674,0.40625000000000017,0.33544304751648935,0.21049997011535473,0.0697318007662835,0.15158131120953147,0.1591836734693878,0.9497106439088701,0.449962140255462
1908.0,0.702066388490722,0.10009886307464164,0.26480336121313724,0.17828387393604786,0.16666666666666674,0.40625000000000017,0.33544304751648935,0.21049997011535473,0.0697318007662835,0.15158131120953147,0.1591836734693878,0.9497106439088701,0.449962140255462
1925.0,0.6966240133861427,0.10009886307464164,0.26480336121313724,0.17828387393604786,0.16666666666666674,0.36931818181818205,0.33544304751648935,0.21049997011535473,0.0697318007662835,0.15158131120953147,0.1591836734693878,0.9497106439088701,0.449962140255462
1932.0,0.6966240133861427,0.10009886307464164,0.26480336121313724,0.17828387393604786,0.16666666666666674,0.36931818181818205,0.33544304751648935,0.21049997011535473,0.0697318007662835,0.15158131120953147,0.1591836734693878,0.9497106439088701,0.449962140255462
1945.0,0.6966240133861427,0.10009886307464164,0.26480336121313724,0.17828387393604786,0.16666666666666674,0.36931818181818205,0.33544304751648935,0.21049997011535473,0.0697318007662835,0.15158131120953147,0.1591836734693878,0.9497106439088701,0.449962140255462
1951.0,0.6966240133861427,0.10009886307464164,0.26480336121313724,0.17828387393604786,0.16666666666666674,0.36931818181818205,0.33544304751648935,0.21049997011535473,0.0697318007662835,0.15158131120953147,0.1591836734693878,0.9497106439088701,0.449962140255462
1967.0,0.6966240133861427,0.10009886307464164,0.26480336121313724,0.17828387393604786,0.16666666666666674,0.36931818181818205,0.33544304751648935,0.21049997011535473,0.0697318007662835,0.15158131120953147,0.1591836734693878,0.9497106439088701,0.449962140255462
1978.0,0.6966240133861427,0.10009886307464164,0.26480336121313724,0.17828387393604786,0.16666666666666674,0.36931818181818205,0.33544304751648935,0.21049997011535473,0.0697318007662835,0.15158131120953147,0.1591836734693878,0.9497106439088701,0.449962140255462
1979.0,0.6966240133861427,0.10009886307464164,0.26480336121313724,0.17828387393604786,0.16666666666666674,0.36931818181818205,0.33544304751648935,0.21049997011535473,0.0697318007662835,0.15158131120953147,0.1591836734693878,0.9497106439088701,0.449962140255462
2022.0,0.6966240133861427,0.10009886307464164,0.26480336121313724,0.17828387393604786,0.16666666666666674,0.36931818181818205,0.33544304751648935,0.21049997011535473,0.0697318007662835,0.15158131120953147,0.1591836734693878,0.9497106439088701,0.449962140255462
2033.0,0.6966240133861427,0.10009886307464164,0.26480336121313724,0.17828387393604786,0.16666666666666674,0.36931818181818205,0.33544304751648935,0.21049997011535473,0.0697318007662835,0.15158131120953147,0.1591836734693878,0.9497106439088701,0.449962140255462
2050.0,0.6966240133861427,0.10009886307464164,0.26480336121313724,0.17828387393604786,0.16666666666666674,0.36931818181818205,0.33544304751648935,0.21049997011535473,0.0697318007662835,0.15158131120953147,0.1591836734693878,0.9497106439088701,0.449962140255462
2055.0,0.6907700300803769,0.10009886307464164,0.26480336121313724,0.17828387393604786,0.16666666666666674,0.36931818181818205,0.33544304751648935,0.21049997011535473,0.0697318007662835,0.15158131120953147,0.1591836734693878,0.9336138533341429,0.449962140255462
2090.0,0.6849160467746108,0.10009886307464164,0.26480336121313724,0.17828387393604786,0.16666666666666674,0.36931818181818205,0.33544304751648935,0.21049997011535473,0.0697318007662835,0.15158131120953147,0.1591836734693878,0.9175170627594167,0.41996466423843115
2105.0,0.6790620634688447,0.10009886307464164,0.26480336121313724,0.17828387393604786,0.16666666666666674,0.36931818181818205,0.33544304751648935,0.21049997011535473,0.0697318007662835,0.15158131120953147,0.1591836734693878,0.9175170627594167,0.41996466423843115
2106.0,0.6790620634688447,0.10009886307464164,0.26480336121313724,0.17828387393604786,0.16666666666666674,0.36931818181818205,0.33544304751648935,0.21049997011535473,0.0697318007662835,0.15158131120953147,0.1591836734693878,0.9175170627594167,0.41996466423843115
2157.0,0.6790620634688447,0.10009886307464164,0.26480336121313724,0.17828387393604786,0.16666666666666674,0.36931818181818205,0.33544304751648935,0.21049997011535473,0.0697318007662835,0.15158131120953147,0.1591836734693878,0.9175170627594167,0.41996466423843115
2176.0,0.6790620634688447,0.10009886307464164,0.26480336121313724,0.17828387393604786,0.16666666666666674,0.36931818181818205,0.33544304751648935,0.21049997011535473,0.0697318007662835,0.15158131120953147,0.1591836734693878,0.9175170627594167,0.41996466423843115
2178.0,0.6790620634688447,0.10009886307464164,0.26480336121313724,0.17828387393604786,0.16666666666666674,0.36931818181818205,0.33544304751648935,0.21049997011535473,0.0697318007662835,0.15158131120953147,0.1591836734693878,0.9175170627594167,0.41996466423843115
2216.0,0.6790620634688447,0.10009886307464164,0.26480336121313724,0.17828387393604786,0.16666666666666674,0.36931818181818205,0.33544304751648935,0.21049997011535473,0.0697318007662835,0.15158131120953147,0.1591836734693878,0.9175170627594167,0.41996466423843115
2221.0,0.6790620634688447,0.10009886307464164,0.26480336121313724,0.17828387393604786,0.16666666666666674,0.36931818181818205,0.33544304751648935,0.21049997011535473,0.0697318007662835,0.15158131120953147,0.1591836734693878,0.9175170627594167,0.41996466423843115
2224.0,0.6728887719827639,0.10009886307464164,0.26480336121313724,0.17828387393604786,0.16666666666666674,0.36931818181818205,0.33544304751648935,0.21049997011535473,0.0697318007662835,0.15158131120953147,0.1591836734693878,0.9005260060416497,0.41996466423843115
2241.0,0.6728887719827639,0.10009886307464164,0.26480336121313724,0.17828387393604786,0.16666666666666674,0.36931818181818205,0.33544304751648935,0.21049997011535473,0.0697318007662835,0.15158131120953147,0.1591836734693878,0.9005260060416497,0.41996466423843115
2255.0,0.6728887719827639,0.10009886307464164,0.26480336121313724,0.17828387393604786,0.16666666666666674,0.36931818181818205,0.33544304751648935,0.21049997011535473,0.0697318007662835,0.15158131120953147,0.1591836734693878,0.9005260060416497,0.41996466423843115
2256.0,0.6665407646999075,0.10009886307464164,0.23538076552278858,0.13371290545203593,0.11111111111111115,0.36931818181818205,0.3018987427648404,0.10524998505767735,0.0697318007662835,0.11368598340714864,0.1591836734693878,0.9005260060416497,0.41996466423843115
2272.0,0.6665407646999075,0.10009886307464164,0.23538076552278858,0.13371290545203593,0.11111111111111115,0.36931818181818205,0.3018987427648404,0.10524998505767735,0.0697318007662835,0.11368598340714864,0.1591836734693878,0.9005260060416497,0.41996466423843115
2288.0,0.6601317188854855,0.10009886307464164,0.23538076552278858,0.13371290545203593,0.11111111111111115,0.36931818181818205,0.3018987427648404,0.10524998505767735,0.0697318007662835,0.11368598340714864,0.1591836734693878,0.9005260060416497,0.41996466423843115
2294.0,0.6601317188854855,0.10009886307464164,0.23538076552278858,0.13371290545203593,0.11111111111111115,0.36931818181818205,0.3018987427648404,0.10524998505767735,0.0697318007662835,0.11368598340714864,0.1591836734693878,0.9005260060416497,0.41996466423843115
2297.0,0.6536598392885694,0.10009886307464164,0.23538076552278858,0.13371290545203593,0.11111111111111115,0.36931818181818205,0.3018987427648404,0.10524998505767735,0.0697318007662835,0.11368598340714864,0.1591836734693878,0.8817650475824483,0.41996466423843115
2301.0,0.6536598392885694,0.10009886307464164,0.23538076552278858,0.13371290545203593,0.11111111111111115,0.36931818181818205,0.3018987427648404,0.10524998505767735,0.0697318007662835,0.11368598340714864,0.1591836734693878,0.8817650475824483,0.41996466423843115
2318.0,0.6536598392885694,0.10009886307464164,0.23538076552278858,0.13371290545203593,0.11111111111111115,0.36931818181818205,0.3018987427648404,0.10524998505767735,0.0697318007662835,0.11368598340714864,0.1591836734693878,0.8817650475824483,0.41996466423843115
2330.0,0.6536598392885694,0.10009886307464164,0.23538076552278858,0.13371290545203593,0.11111111111111115,0.36931818181818205,0.3018987427648404,0.10524998505767735,0.0697318007662835,0.11368598340714864,0.1591836734693878,0.8817650475824483,0.41996466423843115
2332.0,0.6536598392885694,0.10009886307464164,0.23538076552278858,0.13371290545203593,0.11111111111111115,0.36931818181818205,0.3018987427648404,0.10524998505767735,0.0697318007662835,0.11368598340714864,0.1591836734693878,0.8817650475824483,0.41996466423843115
2350.0,0.6536598392885694,0.10009886307464164,0.23538076552278858,0.13371290545203593,0.11111111111111115,0.36931818181818205,0.3018987427648404,0.10524998505767735,0.0697318007662835,0.11368598340714864,0.1591836734693878,0.8817650475824483,0.41996466423843115
2357.0,0.6536598392885694,0.10009886307464164,0.23538076552278858,0.13371290545203593,0.11111111111111115,0.36931818181818205,0.3018987427648404,0.10524998505767735,0.0697318007662835,0.11368598340714864,0.1591836734693878,0.8817650475824483,0.41996466423843115
2363.0,0.6536598392885694,0.10009886307464164,0.23538076552278858,0.13371290545203593,0.11111111111111115,0.36931818181818205,0.3018987427648404,0.10524998505767735,0.0697318007662835,0.11368598340714864,0.1591836734693878,0.8817650475824483,0.41996466423843115
2365.0,0.6536598392885694,0.10009886307464164,0.23538076552278858,0.13371290545203593,0.11111111111111115,0.36931818181818205,0.3018987427648404,0.10524998505767735,0.0697318007662835,0.11368598340714864,0.1591836734693878,0.8817650475824483,0.41996466423843115
2386.0,0.6466312388661116,0.10009886307464164,0.19615063793565715,0.13371290545203593,0.11111111111111115,0.36931818181818205,0.26835443801319137,0.10524998505767735,0.0697318007662835,0.11368598340714864,0.1591836734693878,0.8817650475824483,0.41996466423843115
2400.0,0.6396026384436535,0.10009886307464164,0.19615063793565715,0.13371290545203593,0.11111111111111115,0.36931818181818205,0.26835443801319137,0.10524998505767735,0.0697318007662835,0.11368598340714864,0.1591836734693878,0.8817650475824483,0.41996466423843115
2419.0,0.6325740380211959,0.10009886307464164,0.19615063793565715,0.13371290545203593,0.11111111111111115,0.36931818181818205,0.26835443801319137,0.10524998505767735,0.0697318007662835,0.11368598340714864,0.1591836734693878,0.8817650475824483,0.41996466423843115
2443.0,0.6325740380211959,0.10009886307464164,0.19615063793565715,0.13371290545203593,0.11111111111111115,0.36931818181818205,0.26835443801319137,0.10524998505767735,0.0697318007662835,0.11368598340714864,0.1591836734693878,0.8817650475824483,0.41996466423843115
2449.0,0.6325740380211959,0.10009886307464164,0.19615063793565715,0.13371290545203593,0.11111111111111115,0.36931818181818205,0.26835443801319137,0.10524998505767735,0.0697318007662835,0.11368598340714864,0.1591836734693878,0.8817650475824483,0.41996466423843115
2452.0,0.6325740380211959,0.10009886307464164,0.19615063793565715,0.13371290545203593,0.11111111111111115,0.36931818181818205,0.26835443801319137,0.10524998505767735,0.0697318007662835,0.11368598340714864,0.1591836734693878,0.8817650475824483,0.41996466423843115
2456.0,0.6325740380211959,0.10009886307464164,0.19615063793565715,0.13371290545203593,0.11111111111111115,0.36931818181818205,0.26835443801319137,0.10524998505767735,0.0697318007662835,0.11368598340714864,0.1591836734693878,0.8817650475824483,0.41996466423843115
2466.0,0.6252185259511824,0.10009886307464164,0.19615063793565715,0.13371290545203593,0.11111111111111115,0.36931818181818205,0.26835443801319137,0.10524998505767735,0.0697318007662835,0.11368598340714864,0.1591836734693878,0.8607706416876282,0.41996466423843115
2468.0,0.6252185259511824,0.10009886307464164,0.19615063793565715,0.13371290545203593,0.11111111111111115,0.36931818181818205,0.26835443801319137,0.10524998505767735,0.0697318007662835,0.11368598340714864,0.1591836734693878,0.8607706416876282,0.41996466423843115
2475.0,0.6252185259511824,0.10009886307464164,0.19615063793565715,0.13371290545203593,0.11111111111111115,0.36931818181818205,0.26835443801319137,0.10524998505767735,0.0697318007662835,0.11368598340714864,0.1591836734693878,0.8607706416876282,0.41996466423843115
2504.0,0.6252185259511824,0.10009886307464164,0.19615063793565715,0.13371290545203593,0.11111111111111115,0.36931818181818205,0.26835443801319137,0.10524998505767735,0.0697318007662835,0.11368598340714864,0.1591836734693878,0.8607706416876282,0.41996466423843115
2527.0,0.6252185259511824,0.10009886307464164,0.19615063793565715,0.13371290545203593,0.11111111111111115,0.36931818181818205,0.26835443801319137,0.10524998505767735,0.0697318007662835,0.11368598340714864,0.1591836734693878,0.8607706416876282,0.41996466423843115
2540.0,0.6174997787172167,0.0,0.15692051034852572,0.08914193696802393,0.055555555555555566,0.31655844155844176,0.26835443801319137,0.10524998505767735,0.0,0.07579065560476575,0.1591836734693878,0.8607706416876282,0.38178605839857377
2556.0,0.6174997787172167,0.0,0.15692051034852572,0.08914193696802393,0.055555555555555566,0.31655844155844176,0.26835443801319137,0.10524998505767735,0.0,0.07579065560476575,0.1591836734693878,0.8607706416876282,0.38178605839857377
2563.0,0.6174997787172167,0.0,0.15692051034852572,0.08914193696802393,0.055555555555555566,0.31655844155844176,0.26835443801319137,0.10524998505767735,0.0,0.07579065560476575,0.1591836734693878,0.8607706416876282,0.38178605839857377
2573.0,0.6174997787172167,0.0,0.15692051034852572,0.08914193696802393,0.055555555555555566,0.31655844155844176,0.26835443801319137,0.10524998505767735,0.0,0.07579065560476575,0.1591836734693878,0.8607706416876282,0.38178605839857377
2576.0,0.6174997787172167,0.0,0.15692051034852572,0.08914193696802393,0.055555555555555566,0.31655844155844176,0.26835443801319137,0.10524998505767735,0.0,0.07579065560476575,0.1591836734693878,0.8607706416876282,0.38178605839857377
2583.0,0.6093747816288322,0.0,0.15692051034852572,0.08914193696802393,0.055555555555555566,0.31655844155844176,0.26835443801319137,0.10524998505767735,0.0,0.07579065560476575,0.1591836734693878,0.8381187826958485,0.38178605839857377
2598.0,0.6012497845404482,0.0,0.15692051034852572,0.08914193696802393,0.055555555555555566,0.31655844155844176,0.26835443801319137,0.10524998505767735,0.0,0.07579065560476575,0.1591836734693878,0.8381187826958485,0.38178605839857377
2609.0,0.6012497845404482,0.0,0.15692051034852572,0.08914193696802393,0.055555555555555566,0.31655844155844176,0.26835443801319137,0.10524998505767735,0.0,0.07579065560476575,0.1591836734693878,0.8381187826958485,0.38178605839857377
2624.0,0.6012497845404482,0.0,0.15692051034852572,0.08914193696802393,0.055555555555555566,0.31655844155844176,0.26835443801319137,0.10524998505767735,0.0,0.07579065560476575,0.1591836734693878,0.8381187826958485,0.38178605839857377
2657.0,0.6012497845404482,0.0,0.15692051034852572,0.08914193696802393,0.055555555555555566,0.31655844155844176,0.26835443801319137,0.10524998505767735,0.0,0.07579065560476575,0.1591836734693878,0.8381187826958485,0.38178605839857377
2666.0,0.6012497845404482,0.0,0.15692051034852572,0.08914193696802393,0.055555555555555566,0.31655844155844176,0.26835443801319137,0.10524998505767735,0.0,0.07579065560476575,0.1591836734693878,0.8381187826958485,0.38178605839857377
2689.0,0.592660501904156,0.0,0.15692051034852572,0.08914193696802393,0.055555555555555566,0.31655844155844176,0.26835443801319137,0.10524998505767735,0.0,0.07579065560476575,0.1591836734693878,0.8381187826958485,0.38178605839857377
2692.0,0.592660501904156,0.0,0.15692051034852572,0.08914193696802393,0.055555555555555566,0.31655844155844176,0.26835443801319137,0.10524998505767735,0.0,0.07579065560476575,0.1591836734693878,0.8381187826958485,0.38178605839857377
2721.0,0.592660501904156,0.0,0.15692051034852572,0.08914193696802393,0.055555555555555566,0.31655844155844176,0.26835443801319137,0.10524998505767735,0.0,0.07579065560476575,0.1591836734693878,0.8381187826958485,0.38178605839857377
2769.0,0.5838148227712582,0.0,0.15692051034852572,0.08914193696802393,0.055555555555555566,0.31655844155844176,0.26835443801319137,0.10524998505767735,0.0,0.07579065560476575,0.1591836734693878,0.8381187826958485,0.38178605839857377
2772.0,0.5838148227712582,0.0,0.15692051034852572,0.08914193696802393,0.055555555555555566,0.31655844155844176,0.26835443801319137,0.10524998505767735,0.0,0.07579065560476575,0.1591836734693878,0.8381187826958485,0.38178605839857377
2796.0,0.5748330562670849,0.0,0.15692051034852572,0.08914193696802393,0.055555555555555566,0.31655844155844176,0.26835443801319137,0.10524998505767735,0.0,0.07579065560476575,0.1591836734693878,0.8381187826958485,0.3436074525587164
2797.0,0.5748330562670849,0.0,0.15692051034852572,0.08914193696802393,0.055555555555555566,0.31655844155844176,0.26835443801319137,0.10524998505767735,0.0,0.07579065560476575,0.1591836734693878,0.8381187826958485,0.3436074525587164
2835.0,0.5748330562670849,0.0,0.15692051034852572,0.08914193696802393,0.055555555555555566,0.31655844155844176,0.26835443801319137,0.10524998505767735,0.0,0.07579065560476575,0.1591836734693878,0.8381187826958485,0.3436074525587164
2847.0,0.5655615553595513,0.0,0.15692051034852572,0.08914193696802393,0.055555555555555566,0.31655844155844176,0.23001808972559262,0.10524998505767735,0.0,0.07579065560476575,0.1591836734693878,0.8381187826958485,0.3436074525587164
2863.0,0.5655615553595513,0.0,0.15692051034852572,0.08914193696802393,0.055555555555555566,0.31655844155844176,0.23001808972559262,0.10524998505767735,0.0,0.07579065560476575,0.1591836734693878,0.8381187826958485,0.3436074525587164
2870.0,0.5655615553595513,0.0,0.15692051034852572,0.08914193696802393,0.055555555555555566,0.31655844155844176,0.23001808972559262,0.10524998505767735,0.0,0.07579065560476575,0.1591836734693878,0.8381187826958485,0.3436074525587164
2944.0,0.5655615553595513,0.0,0.15692051034852572,0.08914193696802393,0.055555555555555566,0.31655844155844176,0.23001808972559262,0.10524998505767735,0.0,0.07579065560476575,0.1591836734693878,0.8381187826958485,0.3436074525587164
2976.0,0.5655615553595513,0.0,0.15692051034852572,0.08914193696802393,0.055555555555555566,0.31655844155844176,0.23001808972559262,0.10524998505767735,0.0,0.07579065560476575,0.1591836734693878,0.8381187826958485,0.3436074525587164
2990.0,0.5655615553595513,0.0,0.15692051034852572,0.08914193696802393,0.055555555555555566,0.31655844155844176,0.23001808972559262,0.10524998505767735,0.0,0.07579065560476575,0.1591836734693878,0.8381187826958485,0.3436074525587164
2995.0,0.5655615553595513,0.0,0.15692051034852572,0.08914193696802393,0.055555555555555566,0.31655844155844176,0.23001808972559262,0.10524998505767735,0.0,0.07579065560476575,0.1591836734693878,0.8381187826958485,0.3436074525587164
3050.0,0.5655615553595513,0.0,0.15692051034852572,0.08914193696802393,0.055555555555555566,0.31655844155844176,0.23001808972559262,0.10524998505767735,0.0,0.07579065560476575,0.1591836734693878,0.8381187826958485,0.3436074525587164
3059.0,0.5655615553595513,0.0,0.15692051034852572,0.08914193696802393,0.055555555555555566,0.31655844155844176,0.23001808972559262,0.10524998505767735,0.0,0.07579065560476575,0.1591836734693878,0.8381187826958485,0.3436074525587164
3069.0,0.5655615553595513,0.0,0.15692051034852572,0.08914193696802393,0.055555555555555566,0.31655844155844176,0.23001808972559262,0.10524998505767735,0.0,0.07579065560476575,0.1591836734693878,0.8381187826958485,0.3436074525587164
3086.0,0.5546853716026368,0.0,0.15692051034852572,0.08914193696802393,0.055555555555555566,0.31655844155844176,0.23001808972559262,0.10524998505767735,0.0,0.07579065560476575,0.1591836734693878,0.8381187826958485,0.3436074525587164
3090.0,0.5438091878457223,0.0,0.15692051034852572,0.08914193696802393,0.055555555555555566,0.31655844155844176,0.23001808972559262,0.10524998505767735,0.0,0.07579065560476575,0.1591836734693878,0.8381187826958485,0.29452067362175693
3092.0,0.5438091878457223,0.0,0.15692051034852572,0.08914193696802393,0.055555555555555566,0.31655844155844176,0.23001808972559262,0.10524998505767735,0.0,0.07579065560476575,0.1591836734693878,0.8381187826958485,0.29452067362175693
3098.0,0.5438091878457223,0.0,0.15692051034852572,0.08914193696802393,0.055555555555555566,0.31655844155844176,0.23001808972559262,0.10524998505767735,0.0,0.07579065560476575,0.1591836734693878,0.8381187826958485,0.29452067362175693
3099.0,0.5438091878457223,0.0,0.15692051034852572,0.08914193696802393,0.055555555555555566,0.31655844155844176,0.23001808972559262,0.10524998505767735,0.0,0.07579065560476575,0.1591836734693878,0.8381187826958485,0.29452067362175693
3149.0,0.5438091878457223,0.0,0.15692051034852572,0.08914193696802393,0.055555555555555566,0.31655844155844176,0.23001808972559262,0.10524998505767735,0.0,0.07579065560476575,0.1591836734693878,0.8381187826958485,0.29452067362175693
3150.0,0.5438091878457223,0.0,0.15692051034852572,0.08914193696802393,0.055555555555555566,0.31655844155844176,0.23001808972559262,0.10524998505767735,0.0,0.07579065560476575,0.1591836734693878,0.8381187826958485,0.29452067362175693
3170.0,0.5317245392269284,0.0,0.15692051034852572,0.08914193696802393,0.055555555555555566,0.31655844155844176,0.23001808972559262,0.10524998505767735,0.0,0.07579065560476575,0.1591836734693878,0.8016788356221161,0.29452067362175693
3244.0,0.5196398906081346,0.0,0.15692051034852572,0.08914193696802393,0.055555555555555566,0.23741883116883133,0.23001808972559262,0.10524998505767735,0.0,0.07579065560476575,0.1591836734693878,0.8016788356221161,0.29452067362175693
3255.0,0.5196398906081346,0.0,0.15692051034852572,0.08914193696802393,0.055555555555555566,0.23741883116883133,0.23001808972559262,0.10524998505767735,0.0,0.07579065560476575,0.1591836734693878,0.8016788356221161,0.29452067362175693
3282.0,0.507267512260322,0.0,0.15692051034852572,0.08914193696802393,0.055555555555555566,0.23741883116883133,0.18401447178047411,0.0,0.0,0.07579065560476575,0.1591836734693878,0.8016788356221161,0.29452067362175693
3297.0,0.507267512260322,0.0,0.15692051034852572,0.08914193696802393,0.055555555555555566,0.23741883116883133,0.18401447178047411,0.0,0.0,0.07579065560476575,0.1591836734693878,0.8016788356221161,0.29452067362175693
3336.0,0.507267512260322,0.0,0.15692051034852572,0.08914193696802393,0.055555555555555566,0.23741883116883133,0.18401447178047411,0.0,0.0,0.07579065560476575,0.1591836734693878,0.8016788356221161,0.29452067362175693
3358.0,0.4942606529715957,0.0,0.15692051034852572,0.08914193696802393,0.055555555555555566,0.23741883116883133,0.18401447178047411,0.0,0.0,0.07579065560476575,0.1591836734693878,0.8016788356221161,0.29452067362175693
3388.0,0.4942606529715957,0.0,0.15692051034852572,0.08914193696802393,0.055555555555555566,0.23741883116883133,0.18401447178047411,0.0,0.0,0.07579065560476575,0.1591836734693878,0.8016788356221161,0.29452067362175693
3395.0,0.4809022569453364,0.0,0.15692051034852572,0.08914193696802393,0.055555555555555566,0.23741883116883133,0.1380108538353556,0.0,0.0,0.07579065560476575,0.1591836734693878,0.8016788356221161,0.29452067362175693
3422.0,0.4809022569453364,0.0,0.15692051034852572,0.08914193696802393,0.055555555555555566,0.23741883116883133,0.1380108538353556,0.0,0.0,0.07579065560476575,0.1591836734693878,0.8016788356221161,0.29452067362175693
3428.0,0.46716219246118407,0.0,0.15692051034852572,0.08914193696802393,0.055555555555555566,0.23741883116883133,0.1380108538353556,0.0,0.0,0.07579065560476575,0.1591836734693878,0.8016788356221161,0.29452067362175693
3445.0,0.4534221279770315,0.0,0.15692051034852572,0.08914193696802393,0.055555555555555566,0.15827922077922088,0.1380108538353556,0.0,0.0,0.07579065560476575,0.1591836734693878,0.8016788356221161,0.29452067362175693
3574.0,0.4392526864777493,0.0,0.07846025517426287,0.08914193696802393,0.0,0.15827922077922088,0.09200723589023707,0.0,0.0,0.07579065560476575,0.1591836734693878,0.8016788356221161,0.19634711574783795
3577.0,0.4392526864777493,0.0,0.07846025517426287,0.08914193696802393,0.0,0.15827922077922088,0.09200723589023707,0.0,0.0,0.07579065560476575,0.1591836734693878,0.8016788356221161,0.19634711574783795
3581.0,0.4392526864777493,0.0,0.07846025517426287,0.08914193696802393,0.0,0.15827922077922088,0.09200723589023707,0.0,0.0,0.07579065560476575,0.1591836734693878,0.8016788356221161,0.19634711574783795
3584.0,0.42410604211644753,0.0,0.07846025517426287,0.08914193696802393,0.0,0.15827922077922088,0.04600361794511853,0.0,0.0,0.07579065560476575,0.1591836734693878,0.7482335799139749,0.09817355787391896
3611.0,0.42410604211644753,0.0,0.07846025517426287,0.08914193696802393,0.0,0.15827922077922088,0.04600361794511853,0.0,0.0,0.07579065560476575,0.1591836734693878,0.7482335799139749,0.09817355787391896
3672.0,0.42410604211644753,0.0,0.07846025517426287,0.08914193696802393,0.0,0.15827922077922088,0.04600361794511853,0.0,0.0,0.07579065560476575,0.1591836734693878,0.7482335799139749,0.09817355787391896
3707.0,0.42410604211644753,0.0,0.07846025517426287,0.08914193696802393,0.0,0.15827922077922088,0.04600361794511853,0.0,0.0,0.07579065560476575,0.1591836734693878,0.7482335799139749,0.09817355787391896
3762.0,0.4071418004317897,0.0,0.07846025517426287,0.08914193696802393,0.0,0.0,0.04600361794511853,0.0,0.0,0.07579065560476575,0.1591836734693878,0.7482335799139749,0.09817355787391896
3820.0,0.4071418004317897,0.0,0.07846025517426287,0.08914193696802393,0.0,0.0,0.04600361794511853,0.0,0.0,0.07579065560476575,0.1591836734693878,0.7482335799139749,0.09817355787391896
3823.0,0.4071418004317897,0.0,0.07846025517426287,0.08914193696802393,0.0,0.0,0.04600361794511853,0.0,0.0,0.07579065560476575,0.1591836734693878,0.7482335799139749,0.09817355787391896
3839.0,0.3886353549576174,0.0,0.0,0.0,0.0,0.0,0.04600361794511853,0.0,0.0,0.0,0.1591836734693878,0.7482335799139749,0.09817355787391896
3853.0,0.37012890948344507,0.0,0.0,0.0,0.0,0.0,0.04600361794511853,0.0,0.0,0.0,0.1591836734693878,0.6802123453763409,0.09817355787391896
3913.0,0.37012890948344507,0.0,0.0,0.0,0.0,0.0,0.04600361794511853,0.0,0.0,0.0,0.1591836734693878,0.6802123453763409,0.09817355787391896
3933.0,0.37012890948344507,0.0,0.0,0.0,0.0,0.0,0.04600361794511853,0.0,0.0,0.0,0.1591836734693878,0.6802123453763409,0.09817355787391896
3992.0,0.37012890948344507,0.0,0.0,0.0,0.0,0.0,0.04600361794511853,0.0,0.0,0.0,0.1591836734693878,0.6802123453763409,0.09817355787391896
4032.0,0.37012890948344507,0.0,0.0,0.0,0.0,0.0,0.04600361794511853,0.0,0.0,0.0,0.1591836734693878,0.6802123453763409,0.09817355787391896
4039.0,0.37012890948344507,0.0,0.0,0.0,0.0,0.0,0.04600361794511853,0.0,0.0,0.0,0.1591836734693878,0.6802123453763409,0.09817355787391896
4050.0,0.37012890948344507,0.0,0.0,0.0,0.0,0.0,0.04600361794511853,0.0,0.0,0.0,0.1591836734693878,0.6802123453763409,0.09817355787391896
4079.0,0.34369113023462766,0.0,0.0,0.0,0.0,0.0,0.04600361794511853,0.0,0.0,0.0,0.1591836734693878,0.6802123453763409,0.09817355787391896
4127.0,0.34369113023462766,0.0,0.0,0.0,0.0,0.0,0.04600361794511853,0.0,0.0,0.0,0.1591836734693878,0.6802123453763409,0.09817355787391896
4184.0,0.34369113023462766,0.0,0.0,0.0,0.0,0.0,0.04600361794511853,0.0,0.0,0.0,0.1591836734693878,0.6802123453763409,0.09817355787391896
4190.0,0.34369113023462766,0.0,0.0,0.0,0.0,0.0,0.04600361794511853,0.0,0.0,0.0,0.1591836734693878,0.6802123453763409,0.09817355787391896
4191.0,0.30932201721116487,0.0,0.0,0.0,0.0,0.0,0.04600361794511853,0.0,0.0,0.0,0.1591836734693878,0.6802123453763409,0.09817355787391896
4196.0,0.30932201721116487,0.0,0.0,0.0,0.0,0.0,0.04600361794511853,0.0,0.0,0.0,0.1591836734693878,0.6802123453763409,0.09817355787391896
4232.0,0.30932201721116487,0.0,0.0,0.0,0.0,0.0,0.04600361794511853,0.0,0.0,0.0,0.1591836734693878,0.6802123453763409,0.09817355787391896
4256.0,0.30932201721116487,0.0,0.0,0.0,0.0,0.0,0.04600361794511853,0.0,0.0,0.0,0.1591836734693878,0.6802123453763409,0.09817355787391896
4365.0,0.30932201721116487,0.0,0.0,0.0,0.0,0.0,0.04600361794511853,0.0,0.0,0.0,0.1591836734693878,0.6802123453763409,0.09817355787391896
4427.0,0.30932201721116487,0.0,0.0,0.0,0.0,0.0,0.04600361794511853,0.0,0.0,0.0,0.1591836734693878,0.6802123453763409,0.09817355787391896
4500.0,0.30932201721116487,0.0,0.0,0.0,0.0,0.0,0.04600361794511853,0.0,0.0,0.0,0.1591836734693878,0.6802123453763409,0.09817355787391896
4509.0,0.30932201721116487,0.0,0.0,0.0,0.0,0.0,0.04600361794511853,0.0,0.0,0.0,0.1591836734693878,0.6802123453763409,0.09817355787391896
4523.0,0.30932201721116487,0.0,0.0,0.0,0.0,0.0,0.04600361794511853,0.0,0.0,0.0,0.1591836734693878,0.6802123453763409,0.09817355787391896
4556.0,0.30932201721116487,0.0,0.0,0.0,0.0,0.0,0.04600361794511853,0.0,0.0,0.0,0.1591836734693878,0.6802123453763409,0.09817355787391896
