times,population,R0,R1,R2,R3,R4,R5,R6
0.0,1.0,1.0,1.0,1.0,1.0,1.0,1.0,1.0
1.0,0.9840000000000001,0.9806451612903225,0.948275862068966,0.9911504424778754,0.9696969696969697,0.9891304347826082,0.9557522123893805,0.9705882352941179
2.0,0.9680000000000007,0.9612903225806451,0.931034482758621,0.9823008849557517,0.9545454545454548,0.9456521739130433,0.9380530973451323,0.960784313725491
3.0,0.9620000000000002,0.9419354838709675,0.8793103448275864,0.9646017699115039,0.9242424242424246,0.9347826086956517,0.9115044247787609,0.9411764705882355
4.0,0.958,0.9354838709677415,0.8620689655172415,0.9557522123893805,0.9242424242424246,0.923913043478261,0.9026548672566366,0.9411764705882355
5.0,0.9540000000000006,0.9290322580645161,0.8620689655172415,0.946902654867256,0.9090909090909092,0.923913043478261,0.9026548672566366,0.9313725490196082
6.0,0.944,0.9096774193548387,0.8275862068965522,0.9203539823008846,0.8939393939393945,0.891304347826087,0.8761061946902652,0.901960784313726
7.0,0.932,0.8774193548387098,0.7586206896551725,0.8761061946902652,0.8484848484848492,0.8804347826086958,0.8407079646017697,0.8725490196078434
10.0,0.9260000000000003,0.8645161290322577,0.7413793103448277,0.8584070796460175,0.8181818181818186,0.8695652173913039,0.8318584070796458,0.8725490196078434
11.0,0.9180000000000004,0.8516129032258061,0.724137931034483,0.8407079646017697,0.8181818181818186,0.8586956521739129,0.8141592920353982,0.8725490196078434
14.0,0.9140000000000007,0.8387096774193545,0.6896551724137933,0.8230088495575222,0.8181818181818186,0.8478260869565216,0.7964601769911502,0.8627450980392164
16.0,0.9120000000000006,0.8322580645161287,0.6724137931034484,0.8141592920353982,0.8181818181818186,0.8478260869565216,0.7876106194690262,0.8627450980392164
17.0,0.9080000000000006,0.8322580645161287,0.6724137931034484,0.8141592920353982,0.8181818181818186,0.8478260869565216,0.7876106194690262,0.8627450980392164
18.0,0.9020000000000006,0.8193548387096772,0.6724137931034484,0.8053097345132739,0.8030303030303034,0.8478260869565216,0.7787610619469028,0.8529411764705885
19.0,0.8960000000000001,0.806451612903226,0.6379310344827587,0.7964601769911502,0.7878787878787883,0.826086956521739,0.7522123893805309,0.8431372549019608
20.0,0.8920000000000005,0.7935483870967738,0.6206896551724139,0.7876106194690262,0.7575757575757578,0.8152173913043474,0.7433628318584067,0.8333333333333338
22.0,0.8880000000000002,0.7870967741935484,0.6206896551724139,0.7876106194690262,0.7575757575757578,0.8043478260869568,0.7345132743362832,0.813725490196079
26.0,0.8860000000000003,0.7806451612903227,0.6206896551724139,0.7876106194690262,0.7424242424242425,0.8043478260869568,0.7345132743362832,0.813725490196079
31.0,0.884,0.7741935483870965,0.6034482758620691,0.7787610619469028,0.7272727272727277,0.8043478260869568,0.7256637168141593,0.813725490196079
32.0,0.88,0.7612903225806453,0.6034482758620691,0.7610619469026544,0.6969696969696972,0.793478260869565,0.7256637168141593,0.8039215686274515
33.0,0.8740000000000001,0.7612903225806453,0.6034482758620691,0.7610619469026544,0.6969696969696972,0.7826086956521738,0.707964601769911,0.7941176470588241
34.0,0.8720000000000002,0.7548387096774194,0.5862068965517244,0.7522123893805309,0.6969696969696972,0.7717391304347825,0.6991150442477875,0.7843137254901961
37.0,0.8700000000000003,0.7483870967741933,0.5862068965517244,0.7522123893805309,0.6969696969696972,0.7717391304347825,0.6991150442477875,0.7843137254901961
42.0,0.8680000000000005,0.7483870967741933,0.5862068965517244,0.7522123893805309,0.6969696969696972,0.7717391304347825,0.6991150442477875,0.7843137254901961
46.0,0.8660000000000001,0.7483870967741933,0.5862068965517244,0.7522123893805309,0.6969696969696972,0.7717391304347825,0.6991150442477875,0.7843137254901961
49.0,0.8640000000000007,0.7419354838709677,0.5689655172413794,0.7433628318584067,0.681818181818182,0.7608695652173915,0.6902654867256636,0.774509803921569
52.0,0.862,0.7419354838709677,0.5689655172413794,0.7433628318584067,0.681818181818182,0.7500000000000001,0.6814159292035399,0.7647058823529415
53.0,0.8600000000000001,0.7354838709677419,0.5689655172413794,0.7345132743362832,0.6666666666666669,0.7500000000000001,0.6814159292035399,0.7647058823529415
55.0,0.8580000000000003,0.7354838709677419,0.5689655172413794,0.7345132743362832,0.6666666666666669,0.7500000000000001,0.6814159292035399,0.7647058823529415
57.0,0.8540000000000005,0.72258064516129,0.5517241379310346,0.7168141592920355,0.6515151515151517,0.7391304347826088,0.6725663716814158,0.7549019607843143
60.0,0.8520000000000006,0.72258064516129,0.5517241379310346,0.7168141592920355,0.6515151515151517,0.7391304347826088,0.6725663716814158,0.7450980392156865
61.0,0.8500000000000005,0.7161290322580642,0.5517241379310346,0.7168141592920355,0.6515151515151517,0.7391304347826088,0.6725663716814158,0.7450980392156865
62.0,0.8480000000000002,0.7161290322580642,0.5517241379310346,0.7168141592920355,0.6515151515151517,0.7391304347826088,0.6637168141592916,0.7352941176470589
64.0,0.8440000000000005,0.7161290322580642,0.5517241379310346,0.7168141592920355,0.6515151515151517,0.7282608695652171,0.6548672566371683,0.7352941176470589
69.0,0.8400000000000002,0.7032258064516126,0.5344827586206898,0.6991150442477875,0.6363636363636367,0.7282608695652171,0.6460176991150439,0.7352941176470589
76.0,0.838,0.7032258064516126,0.5344827586206898,0.6991150442477875,0.6363636363636367,0.7282608695652171,0.6460176991150439,0.7352941176470589
81.0,0.8360000000000003,0.7032258064516126,0.5344827586206898,0.6991150442477875,0.6363636363636367,0.7282608695652171,0.6460176991150439,0.7352941176470589
83.0,0.8340000000000003,0.7032258064516126,0.5344827586206898,0.6991150442477875,0.6363636363636367,0.7282608695652171,0.6460176991150439,0.7352941176470589
88.0,0.8320000000000003,0.7032258064516126,0.5344827586206898,0.6991150442477875,0.6363636363636367,0.7282608695652171,0.6460176991150439,0.725490196078432
91.0,0.83,0.6967741935483871,0.5344827586206898,0.6902654867256636,0.6212121212121215,0.7282608695652171,0.6460176991150439,0.725490196078432
93.0,0.8280000000000001,0.6967741935483871,0.5344827586206898,0.6902654867256636,0.6212121212121215,0.7282608695652171,0.6371681415929202,0.725490196078432
95.0,0.8260000000000006,0.6967741935483871,0.5344827586206898,0.6902654867256636,0.6212121212121215,0.7173913043478257,0.6371681415929202,0.715686274509804
97.0,0.8240000000000005,0.6967741935483871,0.5344827586206898,0.6902654867256636,0.6212121212121215,0.7173913043478257,0.6283185840707963,0.7058823529411767
100.0,0.822,0.6903225806451609,0.5344827586206898,0.6902654867256636,0.6212121212121215,0.7065217391304345,0.6283185840707963,0.6960784313725493
101.0,0.8200000000000006,0.6838709677419352,0.5344827586206898,0.6814159292035399,0.6060606060606063,0.6956521739130431,0.6283185840707963,0.6862745098039221
108.0,0.8180000000000006,0.6774193548387094,0.517241379310345,0.6725663716814158,0.6060606060606063,0.6956521739130431,0.6194690265486726,0.6862745098039221
109.0,0.8160000000000001,0.6709677419354837,0.5000000000000002,0.6637168141592916,0.6060606060606063,0.6956521739130431,0.6106194690265487,0.6862745098039221
113.0,0.814,0.6709677419354837,0.5000000000000002,0.6637168141592916,0.6060606060606063,0.6956521739130431,0.6106194690265487,0.6862745098039221
116.0,0.8120000000000002,0.6709677419354837,0.5000000000000002,0.6637168141592916,0.6060606060606063,0.6956521739130431,0.6106194690265487,0.6862745098039221
117.0,0.8099999999999999,0.6709677419354837,0.5000000000000002,0.6637168141592916,0.6060606060606063,0.684782608695652,0.6106194690265487,0.6862745098039221
118.0,0.8080000000000006,0.6709677419354837,0.5000000000000002,0.6637168141592916,0.6060606060606063,0.6739130434782609,0.6017699115044248,0.6862745098039221
129.0,0.8059999999999999,0.664516129032258,0.48275862068965525,0.6548672566371683,0.590909090909091,0.6739130434782609,0.5929203539823006,0.6862745098039221
132.0,0.8040000000000003,0.6580645161290319,0.48275862068965525,0.6460176991150439,0.5757575757575759,0.6739130434782609,0.5929203539823006,0.6764705882352946
134.0,0.8020000000000004,0.6516129032258065,0.4655172413793105,0.6371681415929202,0.5757575757575759,0.6630434782608695,0.5840707964601767,0.6764705882352946
135.0,0.8,0.6451612903225808,0.4655172413793105,0.6283185840707963,0.5757575757575759,0.6521739130434779,0.5840707964601767,0.6764705882352946
137.0,0.7980000000000005,0.6451612903225808,0.4655172413793105,0.6283185840707963,0.5757575757575759,0.641304347826087,0.5752212389380528,0.6764705882352946
140.0,0.7940000000000005,0.6387096774193547,0.4655172413793105,0.6194690265486726,0.5757575757575759,0.641304347826087,0.5663716814159289,0.6764705882352946
143.0,0.7920000000000003,0.6322580645161292,0.4655172413793105,0.6106194690265487,0.5606060606060608,0.6304347826086955,0.5663716814159289,0.6666666666666671
145.0,0.7900000000000004,0.6322580645161292,0.4655172413793105,0.6106194690265487,0.5606060606060608,0.6304347826086955,0.5663716814159289,0.6666666666666671
146.0,0.7880000000000004,0.6258064516129032,0.4655172413793105,0.6017699115044248,0.5606060606060608,0.6304347826086955,0.5663716814159289,0.6666666666666671
151.0,0.7860000000000003,0.6193548387096772,0.4655172413793105,0.5929203539823006,0.5454545454545456,0.6195652173913043,0.5663716814159289,0.6568627450980392
166.0,0.784,0.6129032258064515,0.4655172413793105,0.5840707964601767,0.5303030303030304,0.6195652173913043,0.5663716814159289,0.6568627450980392
169.0,0.7800000000000004,0.6064516129032257,0.4482758620689657,0.5752212389380528,0.5303030303030304,0.6086956521739132,0.5575221238938051,0.6568627450980392
187.0,0.7760000000000004,0.6000000000000001,0.4482758620689657,0.5663716814159289,0.5303030303030304,0.5978260869565218,0.5575221238938051,0.6470588235294118
192.0,0.7740000000000004,0.6000000000000001,0.4482758620689657,0.5663716814159289,0.5303030303030304,0.5869565217391304,0.5575221238938051,0.6470588235294118
197.0,0.7720000000000004,0.6000000000000001,0.4482758620689657,0.5663716814159289,0.5303030303030304,0.5869565217391304,0.5486725663716814,0.6470588235294118
200.0,0.7700000000000006,0.5935483870967742,0.4310344827586207,0.5575221238938051,0.5303030303030304,0.5869565217391304,0.5398230088495575,0.6372549019607844
226.0,0.7680000000000002,0.5870967741935481,0.4310344827586207,0.5486725663716814,0.5151515151515155,0.5760869565217391,0.5398230088495575,0.6274509803921569
233.0,0.766,0.5870967741935481,0.4310344827586207,0.5486725663716814,0.5151515151515155,0.5760869565217391,0.5398230088495575,0.6274509803921569
235.0,0.7640000000000003,0.5870967741935481,0.4310344827586207,0.5486725663716814,0.5151515151515155,0.5652173913043478,0.5398230088495575,0.6274509803921569
259.0,0.7600000000000003,0.5806451612903225,0.4310344827586207,0.5486725663716814,0.5151515151515155,0.5543478260869564,0.5309734513274333,0.6274509803921569
269.0,0.7580000000000002,0.5806451612903225,0.4310344827586207,0.5486725663716814,0.5151515151515155,0.5543478260869564,0.5309734513274333,0.6274509803921569
274.0,0.7560000000000004,0.5741935483870966,0.4310344827586207,0.5486725663716814,0.5151515151515155,0.5543478260869564,0.5309734513274333,0.6274509803921569
287.0,0.7540000000000003,0.5677419354838711,0.413793103448276,0.5398230088495575,0.5151515151515155,0.5543478260869564,0.5221238938053098,0.6274509803921569
289.0,0.7520000000000003,0.5677419354838711,0.413793103448276,0.5398230088495575,0.5151515151515155,0.5434782608695651,0.5221238938053098,0.6274509803921569
295.0,0.7500000000000001,0.561290322580645,0.3965517241379311,0.5309734513274333,0.5000000000000002,0.5326086956521737,0.5132743362831856,0.6176470588235295
297.0,0.7460000000000006,0.554838709677419,0.3965517241379311,0.5309734513274333,0.5000000000000002,0.5326086956521737,0.5132743362831856,0.6176470588235295
312.0,0.744,0.5483870967741936,0.37931034482758635,0.5221238938053098,0.48484848484848503,0.5326086956521737,0.5044247787610618,0.6176470588235295
313.0,0.7420000000000001,0.5419354838709676,0.3620689655172415,0.5132743362831856,0.48484848484848503,0.5326086956521737,0.49557522123893816,0.6176470588235295
321.0,0.74,0.5354838709677421,0.3620689655172415,0.5044247787610618,0.4696969696969699,0.5217391304347826,0.49557522123893816,0.6176470588235295
328.0,0.7380000000000001,0.5290322580645161,0.3620689655172415,0.49557522123893816,0.45454545454545475,0.5217391304347826,0.49557522123893816,0.6078431372549022
343.0,0.7360000000000004,0.5225806451612904,0.3448275862068966,0.48672566371681414,0.45454545454545475,0.5217391304347826,0.48672566371681414,0.5980392156862748
345.0,0.7340000000000005,0.5161290322580643,0.3448275862068966,0.47787610619469023,0.45454545454545475,0.5108695652173911,0.48672566371681414,0.5980392156862748
354.0,0.732,0.5096774193548387,0.3448275862068966,0.4690265486725663,0.4393939393939396,0.5108695652173911,0.48672566371681414,0.5882352941176472
358.0,0.7300000000000002,0.5096774193548387,0.3448275862068966,0.4690265486725663,0.4393939393939396,0.49999999999999994,0.47787610619469023,0.5882352941176472
359.0,0.726,0.49677419354838714,0.3448275862068966,0.46017699115044247,0.4393939393939396,0.48913043478260854,0.47787610619469023,0.5882352941176472
363.0,0.7240000000000005,0.49677419354838714,0.3448275862068966,0.46017699115044247,0.4393939393939396,0.48913043478260854,0.4690265486725663,0.5882352941176472
368.0,0.7240000000000005,0.49677419354838714,0.3448275862068966,0.46017699115044247,0.4393939393939396,0.48913043478260854,0.4690265486725663,0.5882352941176472
371.0,0.7240000000000005,0.49677419354838714,0.3448275862068966,0.46017699115044247,0.4393939393939396,0.48913043478260854,0.4690265486725663,0.5882352941176472
373.0,0.7240000000000005,0.49677419354838714,0.3448275862068966,0.46017699115044247,0.4393939393939396,0.48913043478260854,0.4690265486725663,0.5882352941176472
376.0,0.7240000000000005,0.49677419354838714,0.3448275862068966,0.46017699115044247,0.4393939393939396,0.48913043478260854,0.4690265486725663,0.5882352941176472
382.0,0.7219605633802819,0.49677419354838714,0.3448275862068966,0.46017699115044247,0.4393939393939396,0.47826086956521724,0.4690265486725663,0.5882352941176472
385.0,0.7199211267605636,0.49677419354838714,0.3448275862068966,0.46017699115044247,0.4393939393939396,0.467391304347826,0.45982994967898655,0.5882352941176472
386.0,0.7199211267605636,0.49677419354838714,0.3448275862068966,0.46017699115044247,0.4393939393939396,0.467391304347826,0.45982994967898655,0.5882352941176472
390.0,0.7199211267605636,0.49677419354838714,0.3448275862068966,0.46017699115044247,0.4393939393939396,0.467391304347826,0.45982994967898655,0.5882352941176472
392.0,0.7178642092555336,0.49677419354838714,0.3448275862068966,0.46017699115044247,0.4393939393939396,0.467391304347826,0.45982994967898655,0.5780933062880327
397.0,0.7158072917505036,0.490150537634409,0.3448275862068966,0.4511539128925906,0.4393939393939396,0.467391304347826,0.45982994967898655,0.5679513184584183
398.0,0.7158072917505036,0.490150537634409,0.3448275862068966,0.4511539128925906,0.4393939393939396,0.467391304347826,0.45982994967898655,0.5679513184584183
399.0,0.7158072917505036,0.490150537634409,0.3448275862068966,0.4511539128925906,0.4393939393939396,0.467391304347826,0.45982994967898655,0.5679513184584183
400.0,0.7158072917505036,0.490150537634409,0.3448275862068966,0.4511539128925906,0.4393939393939396,0.467391304347826,0.45982994967898655,0.5679513184584183
403.0,0.7158072917505036,0.490150537634409,0.3448275862068966,0.4511539128925906,0.4393939393939396,0.467391304347826,0.45982994967898655,0.5679513184584183
405.0,0.7137142879734558,0.490150537634409,0.3448275862068966,0.4511539128925906,0.4393939393939396,0.467391304347826,0.45982994967898655,0.5679513184584183
406.0,0.7116212841964077,0.490150537634409,0.3448275862068966,0.4511539128925906,0.4393939393939396,0.4562629399585921,0.45063335068540683,0.5679513184584183
407.0,0.7116212841964077,0.490150537634409,0.3448275862068966,0.4511539128925906,0.4393939393939396,0.4562629399585921,0.45063335068540683,0.5679513184584183
408.0,0.7116212841964077,0.490150537634409,0.3448275862068966,0.4511539128925906,0.4393939393939396,0.4562629399585921,0.45063335068540683,0.5679513184584183
411.0,0.7116212841964077,0.490150537634409,0.3448275862068966,0.4511539128925906,0.4393939393939396,0.4562629399585921,0.45063335068540683,0.5679513184584183
412.0,0.7116212841964077,0.490150537634409,0.3448275862068966,0.4511539128925906,0.4393939393939396,0.4562629399585921,0.45063335068540683,0.5679513184584183
416.0,0.7116212841964077,0.490150537634409,0.3448275862068966,0.4511539128925906,0.4393939393939396,0.4562629399585921,0.45063335068540683,0.5679513184584183
418.0,0.7116212841964077,0.490150537634409,0.3448275862068966,0.4511539128925906,0.4393939393939396,0.4562629399585921,0.45063335068540683,0.5679513184584183
419.0,0.7094842833429647,0.483247008935333,0.3256704980842913,0.4415548934693441,0.4393939393939396,0.4562629399585921,0.44124515587946067,0.5578093306288036
421.0,0.7094842833429647,0.483247008935333,0.3256704980842913,0.4415548934693441,0.4393939393939396,0.4562629399585921,0.44124515587946067,0.5578093306288036
422.0,0.7073408262935901,0.4763434802362568,0.30651340996168586,0.4319558740460974,0.4231200897867567,0.4562629399585921,0.4318569610735148,0.5578093306288036
424.0,0.7073408262935901,0.4763434802362568,0.30651340996168586,0.4319558740460974,0.4231200897867567,0.4562629399585921,0.4318569610735148,0.5578093306288036
426.0,0.7073408262935901,0.4763434802362568,0.30651340996168586,0.4319558740460974,0.4231200897867567,0.4562629399585921,0.4318569610735148,0.5578093306288036
427.0,0.7073408262935901,0.4763434802362568,0.30651340996168586,0.4319558740460974,0.4231200897867567,0.4562629399585921,0.4318569610735148,0.5578093306288036
433.0,0.7073408262935901,0.4763434802362568,0.30651340996168586,0.4319558740460974,0.4231200897867567,0.4562629399585921,0.4318569610735148,0.5578093306288036
437.0,0.7073408262935901,0.4763434802362568,0.30651340996168586,0.4319558740460974,0.4231200897867567,0.4562629399585921,0.4318569610735148,0.5578093306288036
440.0,0.7073408262935901,0.4763434802362568,0.30651340996168586,0.4319558740460974,0.4231200897867567,0.4562629399585921,0.4318569610735148,0.5578093306288036
442.0,0.7051509166146628,0.4763434802362568,0.30651340996168586,0.4319558740460974,0.4231200897867567,0.4562629399585921,0.42246876626756874,0.5578093306288036
445.0,0.7051509166146628,0.4763434802362568,0.30651340996168586,0.4319558740460974,0.4231200897867567,0.4562629399585921,0.42246876626756874,0.5578093306288036
446.0,0.7029264657736074,0.46933842905631157,0.28607918263090676,0.4319558740460974,0.4231200897867567,0.4445638902160641,0.4128672033978513,0.5578093306288036
449.0,0.7029264657736074,0.46933842905631157,0.28607918263090676,0.4319558740460974,0.4231200897867567,0.4445638902160641,0.4128672033978513,0.5578093306288036
450.0,0.7029264657736074,0.46933842905631157,0.28607918263090676,0.4319558740460974,0.4231200897867567,0.4445638902160641,0.4128672033978513,0.5578093306288036
451.0,0.7029264657736074,0.46933842905631157,0.28607918263090676,0.4319558740460974,0.4231200897867567,0.4445638902160641,0.4128672033978513,0.5578093306288036
452.0,0.7029264657736074,0.46933842905631157,0.28607918263090676,0.4319558740460974,0.4231200897867567,0.4445638902160641,0.4128672033978513,0.5578093306288036
457.0,0.7029264657736074,0.46933842905631157,0.28607918263090676,0.4319558740460974,0.4231200897867567,0.4445638902160641,0.4128672033978513,0.5578093306288036
458.0,0.7029264657736074,0.46933842905631157,0.28607918263090676,0.4319558740460974,0.4231200897867567,0.4445638902160641,0.4128672033978513,0.5578093306288036
459.0,0.7029264657736074,0.46933842905631157,0.28607918263090676,0.4319558740460974,0.4231200897867567,0.4445638902160641,0.4128672033978513,0.5578093306288036
465.0,0.7006217888366447,0.46933842905631157,0.28607918263090676,0.4319558740460974,0.4231200897867567,0.43254864993995423,0.4032656405281339,0.5578093306288036
466.0,0.7006217888366447,0.46933842905631157,0.28607918263090676,0.4319558740460974,0.4231200897867567,0.43254864993995423,0.4032656405281339,0.5578093306288036
467.0,0.6983095057051709,0.46933842905631157,0.28607918263090676,0.4319558740460974,0.4231200897867567,0.43254864993995423,0.4032656405281339,0.5468718927733368
473.0,0.6959972225736966,0.46222724073727656,0.28607918263090676,0.4319558740460974,0.40619528619528655,0.43254864993995423,0.4032656405281339,0.5468718927733368
475.0,0.6959972225736966,0.46222724073727656,0.28607918263090676,0.4319558740460974,0.40619528619528655,0.43254864993995423,0.4032656405281339,0.5468718927733368
478.0,0.6959972225736966,0.46222724073727656,0.28607918263090676,0.4319558740460974,0.40619528619528655,0.43254864993995423,0.4032656405281339,0.5468718927733368
479.0,0.6936694726654231,0.46222724073727656,0.28607918263090676,0.4319558740460974,0.40619528619528655,0.43254864993995423,0.4032656405281339,0.5468718927733368
480.0,0.6936694726654231,0.46222724073727656,0.28607918263090676,0.4319558740460974,0.40619528619528655,0.43254864993995423,0.4032656405281339,0.5468718927733368
486.0,0.6936694726654231,0.46222724073727656,0.28607918263090676,0.4319558740460974,0.40619528619528655,0.43254864993995423,0.4032656405281339,0.5468718927733368
497.0,0.6913259947172296,0.4551160524182415,0.26564495530012777,0.421910388603165,0.3892704826038162,0.43254864993995423,0.39366407765841643,0.5468718927733368
506.0,0.6913259947172296,0.4551160524182415,0.26564495530012777,0.421910388603165,0.3892704826038162,0.43254864993995423,0.39366407765841643,0.5468718927733368
507.0,0.6913259947172296,0.4551160524182415,0.26564495530012777,0.421910388603165,0.3892704826038162,0.43254864993995423,0.39366407765841643,0.5468718927733368
510.0,0.6913259947172296,0.4551160524182415,0.26564495530012777,0.421910388603165,0.3892704826038162,0.43254864993995423,0.39366407765841643,0.5468718927733368
511.0,0.6913259947172296,0.4551160524182415,0.26564495530012777,0.421910388603165,0.3892704826038162,0.43254864993995423,0.39366407765841643,0.5468718927733368
516.0,0.6913259947172296,0.4551160524182415,0.26564495530012777,0.421910388603165,0.3892704826038162,0.43254864993995423,0.39366407765841643,0.5468718927733368
519.0,0.6913259947172296,0.4551160524182415,0.26564495530012777,0.421910388603165,0.3892704826038162,0.43254864993995423,0.39366407765841643,0.5468718927733368
521.0,0.6913259947172296,0.4551160524182415,0.26564495530012777,0.421910388603165,0.3892704826038162,0.43254864993995423,0.39366407765841643,0.5468718927733368
522.0,0.6913259947172296,0.4551160524182415,0.26564495530012777,0.421910388603165,0.3892704826038162,0.43254864993995423,0.39366407765841643,0.5468718927733368
523.0,0.6913259947172296,0.4551160524182415,0.26564495530012777,0.421910388603165,0.3892704826038162,0.43254864993995423,0.39366407765841643,0.5468718927733368
524.0,0.6913259947172296,0.4551160524182415,0.26564495530012777,0.421910388603165,0.3892704826038162,0.43254864993995423,0.39366407765841643,0.5468718927733368
529.0,0.6913259947172296,0.4551160524182415,0.26564495530012777,0.421910388603165,0.3892704826038162,0.43254864993995423,0.39366407765841643,0.5468718927733368
530.0,0.6888657598605846,0.44789198809414255,0.26564495530012777,0.421910388603165,0.37157636975818814,0.43254864993995423,0.39366407765841643,0.5347191840450405
532.0,0.6888657598605846,0.44789198809414255,0.26564495530012777,0.421910388603165,0.37157636975818814,0.43254864993995423,0.39366407765841643,0.5347191840450405
535.0,0.686387825472597,0.44066792377004343,0.26564495530012777,0.41161989132016086,0.37157636975818814,0.43254864993995423,0.39366407765841643,0.5347191840450405
537.0,0.6839009130614649,0.44066792377004343,0.26564495530012777,0.41161989132016086,0.37157636975818814,0.4198266308240732,0.39366407765841643,0.5347191840450405
542.0,0.6814140006503323,0.4333234583738763,0.2414954139092071,0.40106553513246446,0.37157636975818814,0.4198266308240732,0.38357012694922626,0.5347191840450405
544.0,0.6814140006503323,0.4333234583738763,0.2414954139092071,0.40106553513246446,0.37157636975818814,0.4198266308240732,0.38357012694922626,0.5347191840450405
550.0,0.6814140006503323,0.4333234583738763,0.2414954139092071,0.40106553513246446,0.37157636975818814,0.4198266308240732,0.38357012694922626,0.5347191840450405
551.0,0.6814140006503323,0.4333234583738763,0.2414954139092071,0.40106553513246446,0.37157636975818814,0.4198266308240732,0.38357012694922626,0.5347191840450405
552.0,0.6788714110956671,0.4259789929777087,0.21734587251828635,0.390511178944768,0.37157636975818814,0.4198266308240732,0.3734761762400361,0.522283854183528
554.0,0.6788714110956671,0.4259789929777087,0.21734587251828635,0.390511178944768,0.37157636975818814,0.4198266308240732,0.3734761762400361,0.522283854183528
559.0,0.6763192629336532,0.4259789929777087,0.21734587251828635,0.390511178944768,0.37157636975818814,0.4198266308240732,0.3734761762400361,0.522283854183528
562.0,0.6737671147716393,0.41863452758154146,0.21734587251828635,0.3799568227570716,0.3529975512702787,0.4198266308240732,0.3734761762400361,0.5098485243220154
568.0,0.6737671147716393,0.41863452758154146,0.21734587251828635,0.3799568227570716,0.3529975512702787,0.4198266308240732,0.3734761762400361,0.5098485243220154
570.0,0.6737671147716393,0.41863452758154146,0.21734587251828635,0.3799568227570716,0.3529975512702787,0.4198266308240732,0.3734761762400361,0.5098485243220154
573.0,0.6737671147716393,0.41863452758154146,0.21734587251828635,0.3799568227570716,0.3529975512702787,0.4198266308240732,0.3734761762400361,0.5098485243220154
578.0,0.6737671147716393,0.41863452758154146,0.21734587251828635,0.3799568227570716,0.3529975512702787,0.4198266308240732,0.3734761762400361,0.5098485243220154
587.0,0.6737671147716393,0.41863452758154146,0.21734587251828635,0.3799568227570716,0.3529975512702787,0.4198266308240732,0.3734761762400361,0.5098485243220154
589.0,0.6737671147716393,0.41863452758154146,0.21734587251828635,0.3799568227570716,0.3529975512702787,0.4198266308240732,0.3734761762400361,0.5098485243220154
606.0,0.6737671147716393,0.41863452758154146,0.21734587251828635,0.3799568227570716,0.3529975512702787,0.4198266308240732,0.3734761762400361,0.5098485243220154
609.0,0.6737671147716393,0.41863452758154146,0.21734587251828635,0.3799568227570716,0.3529975512702787,0.4198266308240732,0.3734761762400361,0.5098485243220154
612.0,0.6711144883355306,0.41863452758154146,0.21734587251828635,0.3799568227570716,0.3529975512702787,0.4198266308240732,0.3734761762400361,0.5098485243220154
614.0,0.6684618618994218,0.41863452758154146,0.21734587251828635,0.3799568227570716,0.3529975512702787,0.4198266308240732,0.3734761762400361,0.49606883447547445
626.0,0.6684618618994218,0.41863452758154146,0.21734587251828635,0.3799568227570716,0.3529975512702787,0.4198266308240732,0.3734761762400361,0.49606883447547445
631.0,0.6684618618994218,0.41863452758154146,0.21734587251828635,0.3799568227570716,0.3529975512702787,0.4198266308240732,0.3734761762400361,0.49606883447547445
632.0,0.6657880144518242,0.41073576291019165,0.19017763845350058,0.3687816220877459,0.33338657619970774,0.4198266308240732,0.3631018380111462,0.48189543920474676
644.0,0.6631141670042269,0.41073576291019165,0.19017763845350058,0.3687816220877459,0.33338657619970774,0.40583240979660407,0.3631018380111462,0.48189543920474676
646.0,0.6604403195566291,0.4028369982388417,0.1630094043887148,0.35760642141842025,0.33338657619970774,0.40583240979660407,0.3527274997822564,0.48189543920474676
649.0,0.657766472109031,0.39493823356749186,0.1630094043887148,0.3464312207490946,0.31377560112913666,0.40583240979660407,0.3527274997822564,0.46772204393401884
654.0,0.6550926246614339,0.39493823356749186,0.1630094043887148,0.3464312207490946,0.31377560112913666,0.39183818876913484,0.3527274997822564,0.453548648663291
659.0,0.6550926246614339,0.39493823356749186,0.1630094043887148,0.3464312207490946,0.31377560112913666,0.39183818876913484,0.3527274997822564,0.453548648663291
662.0,0.6550926246614339,0.39493823356749186,0.1630094043887148,0.3464312207490946,0.31377560112913666,0.39183818876913484,0.3527274997822564,0.453548648663291
670.0,0.6523967702389591,0.386878269617135,0.1630094043887148,0.3348835133907915,0.29416462605856564,0.39183818876913484,0.3527274997822564,0.453548648663291
673.0,0.6497009158164838,0.3788183056667779,0.1630094043887148,0.32333580603248824,0.29416462605856564,0.39183818876913484,0.3527274997822564,0.453548648663291
675.0,0.6497009158164838,0.3788183056667779,0.1630094043887148,0.32333580603248824,0.29416462605856564,0.39183818876913484,0.3527274997822564,0.453548648663291
704.0,0.6469938286672487,0.37075834171642097,0.1630094043887148,0.31178809867418517,0.29416462605856564,0.39183818876913484,0.3527274997822564,0.453548648663291
714.0,0.6442867415180134,0.36269837776606395,0.1630094043887148,0.300240391315882,0.29416462605856564,0.39183818876913484,0.3527274997822564,0.43891804709350746
718.0,0.6415796543687781,0.354638413815707,0.1630094043887148,0.2886926839575788,0.27455365098799456,0.39183818876913484,0.3527274997822564,0.4242874455237239
725.0,0.6415796543687781,0.354638413815707,0.1630094043887148,0.2886926839575788,0.27455365098799456,0.39183818876913484,0.3527274997822564,0.4242874455237239
849.0,0.6388610965112829,0.354638413815707,0.1630094043887148,0.2886926839575788,0.27455365098799456,0.39183818876913484,0.3420387876676426,0.40913432246930526
865.0,0.6361425386537882,0.34657844986535,0.1630094043887148,0.2771449765992757,0.27455365098799456,0.37784396774166584,0.3420387876676426,0.40913432246930526
903.0,0.633423980796293,0.34657844986535,0.1630094043887148,0.2771449765992757,0.27455365098799456,0.37784396774166584,0.3420387876676426,0.40913432246930526
905.0,0.6307054229387984,0.3385184859149931,0.1630094043887148,0.26559726924097254,0.25494267591742353,0.37784396774166584,0.3420387876676426,0.40913432246930526
920.0,0.6279868650813034,0.33045852196463615,0.13040752351097185,0.2540495618826694,0.25494267591742353,0.37784396774166584,0.33135007555302876,0.40913432246930526
936.0,0.6252683072238089,0.33045852196463615,0.13040752351097185,0.2540495618826694,0.25494267591742353,0.37784396774166584,0.33135007555302876,0.3939811994148865
953.0,0.6225497493663141,0.33045852196463615,0.13040752351097185,0.2540495618826694,0.25494267591742353,0.37784396774166584,0.32066136343841495,0.3788280763604677
1048.0,0.6198311915088194,0.33045852196463615,0.13040752351097185,0.2540495618826694,0.25494267591742353,0.37784396774166584,0.32066136343841495,0.3788280763604677
1054.0,0.6171126336513245,0.3223985580142791,0.0978056426332289,0.24250185452436623,0.2353317008468525,0.37784396774166584,0.30997265132380114,0.3788280763604677
1065.0,0.6143940757938298,0.3223985580142791,0.0978056426332289,0.24250185452436623,0.2353317008468525,0.36384974671419673,0.30997265132380114,0.36367495330604915
1096.0,0.6116755179363347,0.3223985580142791,0.0978056426332289,0.24250185452436623,0.2353317008468525,0.36384974671419673,0.2992839392091872,0.36367495330604915
1098.0,0.6116755179363347,0.3223985580142791,0.0978056426332289,0.24250185452436623,0.2353317008468525,0.36384974671419673,0.2992839392091872,0.36367495330604915
1102.0,0.6116755179363347,0.3223985580142791,0.0978056426332289,0.24250185452436623,0.2353317008468525,0.36384974671419673,0.2992839392091872,0.36367495330604915
1103.0,0.6116755179363347,0.3223985580142791,0.0978056426332289,0.24250185452436623,0.2353317008468525,0.36384974671419673,0.2992839392091872,0.36367495330604915
1105.0,0.6116755179363347,0.3223985580142791,0.0978056426332289,0.24250185452436623,0.2353317008468525,0.36384974671419673,0.2992839392091872,0.36367495330604915
1106.0,0.6116755179363347,0.3223985580142791,0.0978056426332289,0.24250185452436623,0.2353317008468525,0.36384974671419673,0.2992839392091872,0.36367495330604915
1107.0,0.6116755179363347,0.3223985580142791,0.0978056426332289,0.24250185452436623,0.2353317008468525,0.36384974671419673,0.2992839392091872,0.36367495330604915
1108.0,0.6116755179363347,0.3223985580142791,0.0978056426332289,0.24250185452436623,0.2353317008468525,0.36384974671419673,0.2992839392091872,0.36367495330604915
1109.0,0.6116755179363347,0.3223985580142791,0.0978056426332289,0.24250185452436623,0.2353317008468525,0.36384974671419673,0.2992839392091872,0.36367495330604915
1114.0,0.6116755179363347,0.3223985580142791,0.0978056426332289,0.24250185452436623,0.2353317008468525,0.36384974671419673,0.2992839392091872,0.36367495330604915
1117.0,0.6116755179363347,0.3223985580142791,0.0978056426332289,0.24250185452436623,0.2353317008468525,0.36384974671419673,0.2992839392091872,0.36367495330604915
1121.0,0.6116755179363347,0.3223985580142791,0.0978056426332289,0.24250185452436623,0.2353317008468525,0.36384974671419673,0.2992839392091872,0.36367495330604915
1123.0,0.6116755179363347,0.3223985580142791,0.0978056426332289,0.24250185452436623,0.2353317008468525,0.36384974671419673,0.2992839392091872,0.36367495330604915
1125.0,0.6116755179363347,0.3223985580142791,0.0978056426332289,0.24250185452436623,0.2353317008468525,0.36384974671419673,0.2992839392091872,0.36367495330604915
1126.0,0.6116755179363347,0.3223985580142791,0.0978056426332289,0.24250185452436623,0.2353317008468525,0.36384974671419673,0.2992839392091872,0.36367495330604915
1136.0,0.6087347702539484,0.3223985580142791,0.0978056426332289,0.24250185452436623,0.2353317008468525,0.36384974671419673,0.2992839392091872,0.36367495330604915
1140.0,0.6087347702539484,0.3223985580142791,0.0978056426332289,0.24250185452436623,0.2353317008468525,0.36384974671419673,0.2992839392091872,0.36367495330604915
1150.0,0.6087347702539484,0.3223985580142791,0.0978056426332289,0.24250185452436623,0.2353317008468525,0.36384974671419673,0.2992839392091872,0.36367495330604915
1151.0,0.6087347702539484,0.3223985580142791,0.0978056426332289,0.24250185452436623,0.2353317008468525,0.36384974671419673,0.2992839392091872,0.36367495330604915
1152.0,0.6057212317873445,0.3136850834733526,0.06520376175548591,0.2297385990230838,0.2353317008468525,0.3486893406011051,0.2881993488681062,0.36367495330604915
1157.0,0.6057212317873445,0.3136850834733526,0.06520376175548591,0.2297385990230838,0.2353317008468525,0.3486893406011051,0.2881993488681062,0.36367495330604915
1159.0,0.6026926256284079,0.3136850834733526,0.06520376175548591,0.2297385990230838,0.2353317008468525,0.3335289344880137,0.2881993488681062,0.36367495330604915
1160.0,0.6026926256284079,0.3136850834733526,0.06520376175548591,0.2297385990230838,0.2353317008468525,0.3335289344880137,0.2881993488681062,0.36367495330604915
1161.0,0.6026926256284079,0.3136850834733526,0.06520376175548591,0.2297385990230838,0.2353317008468525,0.3335289344880137,0.2881993488681062,0.36367495330604915
1162.0,0.6026926256284079,0.3136850834733526,0.06520376175548591,0.2297385990230838,0.2353317008468525,0.3335289344880137,0.2881993488681062,0.36367495330604915
1163.0,0.6026926256284079,0.3136850834733526,0.06520376175548591,0.2297385990230838,0.2353317008468525,0.3335289344880137,0.2881993488681062,0.36367495330604915
1165.0,0.5996018942149289,0.3047226525169712,0.06520376175548591,0.21622456378643176,0.2353317008468525,0.3183685283749221,0.2881993488681062,0.36367495330604915
1169.0,0.5996018942149289,0.3047226525169712,0.06520376175548591,0.21622456378643176,0.2353317008468525,0.3183685283749221,0.2881993488681062,0.36367495330604915
1170.0,0.5996018942149289,0.3047226525169712,0.06520376175548591,0.21622456378643176,0.2353317008468525,0.3183685283749221,0.2881993488681062,0.36367495330604915
1174.0,0.5964789676825595,0.3047226525169712,0.06520376175548591,0.21622456378643176,0.2353317008468525,0.302450101956176,0.27667137491338206,0.36367495330604915
1178.0,0.5964789676825595,0.3047226525169712,0.06520376175548591,0.21622456378643176,0.2353317008468525,0.302450101956176,0.27667137491338206,0.36367495330604915
1182.0,0.5964789676825595,0.3047226525169712,0.06520376175548591,0.21622456378643176,0.2353317008468525,0.302450101956176,0.27667137491338206,0.36367495330604915
1187.0,0.5964789676825595,0.3047226525169712,0.06520376175548591,0.21622456378643176,0.2353317008468525,0.302450101956176,0.27667137491338206,0.36367495330604915
1189.0,0.5964789676825595,0.3047226525169712,0.06520376175548591,0.21622456378643176,0.2353317008468525,0.302450101956176,0.27667137491338206,0.36367495330604915
1190.0,0.5964789676825595,0.3047226525169712,0.06520376175548591,0.21622456378643176,0.2353317008468525,0.302450101956176,0.27667137491338206,0.36367495330604915
1191.0,0.5964789676825595,0.3047226525169712,0.06520376175548591,0.21622456378643176,0.2353317008468525,0.302450101956176,0.27667137491338206,0.36367495330604915
1196.0,0.5964789676825595,0.3047226525169712,0.06520376175548591,0.21622456378643176,0.2353317008468525,0.302450101956176,0.27667137491338206,0.36367495330604915
1199.0,0.5964789676825595,0.3047226525169712,0.06520376175548591,0.21622456378643176,0.2353317008468525,0.302450101956176,0.27667137491338206,0.36367495330604915
1200.0,0.593183503772711,0.3047226525169712,0.06520376175548591,0.21622456378643176,0.2353317008468525,0.302450101956176,0.27667137491338206,0.36367495330604915
1203.0,0.593183503772711,0.3047226525169712,0.06520376175548591,0.21622456378643176,0.2353317008468525,0.302450101956176,0.27667137491338206,0.36367495330604915
1207.0,0.593183503772711,0.3047226525169712,0.06520376175548591,0.21622456378643176,0.2353317008468525,0.302450101956176,0.27667137491338206,0.36367495330604915
1211.0,0.593183503772711,0.3047226525169712,0.06520376175548591,0.21622456378643176,0.2353317008468525,0.302450101956176,0.27667137491338206,0.36367495330604915
1217.0,0.5898321845423566,0.3047226525169712,0.06520376175548591,0.21622456378643176,0.2353317008468525,0.28653167553742986,0.27667137491338206,0.36367495330604915
1223.0,0.5898321845423566,0.3047226525169712,0.06520376175548591,0.21622456378643176,0.2353317008468525,0.28653167553742986,0.27667137491338206,0.36367495330604915
1224.0,0.5898321845423566,0.3047226525169712,0.06520376175548591,0.21622456378643176,0.2353317008468525,0.28653167553742986,0.27667137491338206,0.36367495330604915
1231.0,0.5898321845423566,0.3047226525169712,0.06520376175548591,0.21622456378643176,0.2353317008468525,0.28653167553742986,0.27667137491338206,0.36367495330604915
1232.0,0.5864227499496258,0.2945652307664055,0.06520376175548591,0.19959190503362934,0.21393790986077504,0.28653167553742986,0.27667137491338206,0.36367495330604915
1233.0,0.5829732043616866,0.2945652307664055,0.06520376175548591,0.19959190503362934,0.21393790986077504,0.28653167553742986,0.2640954033264101,0.36367495330604915
1234.0,0.5829732043616866,0.2945652307664055,0.06520376175548591,0.19959190503362934,0.21393790986077504,0.28653167553742986,0.2640954033264101,0.36367495330604915
1235.0,0.5829732043616866,0.2945652307664055,0.06520376175548591,0.19959190503362934,0.21393790986077504,0.28653167553742986,0.2640954033264101,0.36367495330604915
1244.0,0.5829732043616866,0.2945652307664055,0.06520376175548591,0.19959190503362934,0.21393790986077504,0.28653167553742986,0.2640954033264101,0.36367495330604915
1245.0,0.5829732043616866,0.2945652307664055,0.06520376175548591,0.19959190503362934,0.21393790986077504,0.28653167553742986,0.2640954033264101,0.36367495330604915
1248.0,0.5829732043616866,0.2945652307664055,0.06520376175548591,0.19959190503362934,0.21393790986077504,0.28653167553742986,0.2640954033264101,0.36367495330604915
1251.0,0.5829732043616866,0.2945652307664055,0.06520376175548591,0.19959190503362934,0.21393790986077504,0.28653167553742986,0.2640954033264101,0.36367495330604915
1253.0,0.5829732043616866,0.2945652307664055,0.06520376175548591,0.19959190503362934,0.21393790986077504,0.28653167553742986,0.2640954033264101,0.36367495330604915
1256.0,0.5829732043616866,0.2945652307664055,0.06520376175548591,0.19959190503362934,0.21393790986077504,0.28653167553742986,0.2640954033264101,0.36367495330604915
1257.0,0.5829732043616866,0.2945652307664055,0.06520376175548591,0.19959190503362934,0.21393790986077504,0.28653167553742986,0.2640954033264101,0.36367495330604915
1262.0,0.5829732043616866,0.2945652307664055,0.06520376175548591,0.19959190503362934,0.21393790986077504,0.28653167553742986,0.2640954033264101,0.36367495330604915
1265.0,0.5829732043616866,0.2945652307664055,0.06520376175548591,0.19959190503362934,0.21393790986077504,0.28653167553742986,0.2640954033264101,0.36367495330604915
1266.0,0.5829732043616866,0.2945652307664055,0.06520376175548591,0.19959190503362934,0.21393790986077504,0.28653167553742986,0.2640954033264101,0.36367495330604915
1272.0,0.5829732043616866,0.2945652307664055,0.06520376175548591,0.19959190503362934,0.21393790986077504,0.28653167553742986,0.2640954033264101,0.36367495330604915
1273.0,0.5829732043616866,0.2945652307664055,0.06520376175548591,0.19959190503362934,0.21393790986077504,0.28653167553742986,0.2640954033264101,0.36367495330604915
1274.0,0.5829732043616866,0.2945652307664055,0.06520376175548591,0.19959190503362934,0.21393790986077504,0.28653167553742986,0.2640954033264101,0.36367495330604915
1277.0,0.5829732043616866,0.2945652307664055,0.06520376175548591,0.19959190503362934,0.21393790986077504,0.28653167553742986,0.2640954033264101,0.36367495330604915
1279.0,0.579112454663927,0.2945652307664055,0.06520376175548591,0.19959190503362934,0.21393790986077504,0.28653167553742986,0.2640954033264101,0.36367495330604915
1280.0,0.579112454663927,0.2945652307664055,0.06520376175548591,0.19959190503362934,0.21393790986077504,0.28653167553742986,0.2640954033264101,0.36367495330604915
1290.0,0.579112454663927,0.2945652307664055,0.06520376175548591,0.19959190503362934,0.21393790986077504,0.28653167553742986,0.2640954033264101,0.36367495330604915
1295.0,0.579112454663927,0.2945652307664055,0.06520376175548591,0.19959190503362934,0.21393790986077504,0.28653167553742986,0.2640954033264101,0.36367495330604915
1298.0,0.579112454663927,0.2945652307664055,0.06520376175548591,0.19959190503362934,0.21393790986077504,0.28653167553742986,0.2640954033264101,0.36367495330604915
1302.0,0.579112454663927,0.2945652307664055,0.06520376175548591,0.19959190503362934,0.21393790986077504,0.28653167553742986,0.2640954033264101,0.36367495330604915
1308.0,0.579112454663927,0.2945652307664055,0.06520376175548591,0.19959190503362934,0.21393790986077504,0.28653167553742986,0.2640954033264101,0.36367495330604915
1314.0,0.579112454663927,0.2945652307664055,0.06520376175548591,0.19959190503362934,0.21393790986077504,0.28653167553742986,0.2640954033264101,0.36367495330604915
1317.0,0.5750341979409417,0.2945652307664055,0.06520376175548591,0.19959190503362934,0.21393790986077504,0.28653167553742986,0.25019564525659904,0.36367495330604915
1319.0,0.5750341979409417,0.2945652307664055,0.06520376175548591,0.19959190503362934,0.21393790986077504,0.28653167553742986,0.25019564525659904,0.36367495330604915
1320.0,0.5750341979409417,0.2945652307664055,0.06520376175548591,0.19959190503362934,0.21393790986077504,0.28653167553742986,0.25019564525659904,0.36367495330604915
1325.0,0.5750341979409417,0.2945652307664055,0.06520376175548591,0.19959190503362934,0.21393790986077504,0.28653167553742986,0.25019564525659904,0.36367495330604915
1329.0,0.5750341979409417,0.2945652307664055,0.06520376175548591,0.19959190503362934,0.21393790986077504,0.28653167553742986,0.25019564525659904,0.36367495330604915
1332.0,0.5750341979409417,0.2945652307664055,0.06520376175548591,0.19959190503362934,0.21393790986077504,0.28653167553742986,0.25019564525659904,0.36367495330604915
1333.0,0.5750341979409417,0.2945652307664055,0.06520376175548591,0.19959190503362934,0.21393790986077504,0.28653167553742986,0.25019564525659904,0.36367495330604915
1336.0,0.5750341979409417,0.2945652307664055,0.06520376175548591,0.19959190503362934,0.21393790986077504,0.28653167553742986,0.25019564525659904,0.36367495330604915
1338.0,0.5750341979409417,0.2945652307664055,0.06520376175548591,0.19959190503362934,0.21393790986077504,0.28653167553742986,0.25019564525659904,0.36367495330604915
1346.0,0.5750341979409417,0.2945652307664055,0.06520376175548591,0.19959190503362934,0.21393790986077504,0.28653167553742986,0.25019564525659904,0.36367495330604915
1347.0,0.5750341979409417,0.2945652307664055,0.06520376175548591,0.19959190503362934,0.21393790986077504,0.28653167553742986,0.25019564525659904,0.36367495330604915
1353.0,0.5750341979409417,0.2945652307664055,0.06520376175548591,0.19959190503362934,0.21393790986077504,0.28653167553742986,0.25019564525659904,0.36367495330604915
1359.0,0.5705063696106981,0.2945652307664055,0.06520376175548591,0.19959190503362934,0.21393790986077504,0.28653167553742986,0.23351593557282574,0.34228230899392853
1363.0,0.5705063696106981,0.2945652307664055,0.06520376175548591,0.19959190503362934,0.21393790986077504,0.28653167553742986,0.23351593557282574,0.34228230899392853
1365.0,0.5705063696106981,0.2945652307664055,0.06520376175548591,0.19959190503362934,0.21393790986077504,0.28653167553742986,0.23351593557282574,0.34228230899392853
1366.0,0.5705063696106981,0.2945652307664055,0.06520376175548591,0.19959190503362934,0.21393790986077504,0.28653167553742986,0.23351593557282574,0.34228230899392853
1374.0,0.5705063696106981,0.2945652307664055,0.06520376175548591,0.19959190503362934,0.21393790986077504,0.28653167553742986,0.23351593557282574,0.34228230899392853
1377.0,0.5611538061744569,0.2811759020952052,0.06520376175548591,0.17107877574311087,0.17828159155064585,0.28653167553742986,0.23351593557282574,0.320889664681808
1378.0,0.5611538061744569,0.2811759020952052,0.06520376175548591,0.17107877574311087,0.17828159155064585,0.28653167553742986,0.23351593557282574,0.320889664681808
1381.0,0.5611538061744569,0.2811759020952052,0.06520376175548591,0.17107877574311087,0.17828159155064585,0.28653167553742986,0.23351593557282574,0.320889664681808
1384.0,0.5611538061744569,0.2811759020952052,0.06520376175548591,0.17107877574311087,0.17828159155064585,0.28653167553742986,0.23351593557282574,0.320889664681808
1385.0,0.5611538061744569,0.2811759020952052,0.06520376175548591,0.17107877574311087,0.17828159155064585,0.28653167553742986,0.23351593557282574,0.320889664681808
1388.0,0.5611538061744569,0.2811759020952052,0.06520376175548591,0.17107877574311087,0.17828159155064585,0.28653167553742986,0.23351593557282574,0.320889664681808
1390.0,0.5611538061744569,0.2811759020952052,0.06520376175548591,0.17107877574311087,0.17828159155064585,0.28653167553742986,0.23351593557282574,0.320889664681808
1400.0,0.5611538061744569,0.2811759020952052,0.06520376175548591,0.17107877574311087,0.17828159155064585,0.28653167553742986,0.23351593557282574,0.320889664681808
1408.0,0.5611538061744569,0.2811759020952052,0.06520376175548591,0.17107877574311087,0.17828159155064585,0.28653167553742986,0.23351593557282574,0.320889664681808
1409.0,0.5611538061744569,0.2811759020952052,0.06520376175548591,0.17107877574311087,0.17828159155064585,0.28653167553742986,0.23351593557282574,0.320889664681808
1420.0,0.5611538061744569,0.2811759020952052,0.06520376175548591,0.17107877574311087,0.17828159155064585,0.28653167553742986,0.23351593557282574,0.320889664681808
1430.0,0.5611538061744569,0.2811759020952052,0.06520376175548591,0.17107877574311087,0.17828159155064585,0.28653167553742986,0.23351593557282574,0.320889664681808
1433.0,0.5611538061744569,0.2811759020952052,0.06520376175548591,0.17107877574311087,0.17828159155064585,0.28653167553742986,0.23351593557282574,0.320889664681808
1438.0,0.5611538061744569,0.2811759020952052,0.06520376175548591,0.17107877574311087,0.17828159155064585,0.28653167553742986,0.23351593557282574,0.320889664681808
1444.0,0.5611538061744569,0.2811759020952052,0.06520376175548591,0.17107877574311087,0.17828159155064585,0.28653167553742986,0.23351593557282574,0.320889664681808
1449.0,0.5611538061744569,0.2811759020952052,0.06520376175548591,0.17107877574311087,0.17828159155064585,0.28653167553742986,0.23351593557282574,0.320889664681808
1451.0,0.5611538061744569,0.2811759020952052,0.06520376175548591,0.17107877574311087,0.17828159155064585,0.28653167553742986,0.23351593557282574,0.320889664681808
1454.0,0.5611538061744569,0.2811759020952052,0.06520376175548591,0.17107877574311087,0.17828159155064585,0.28653167553742986,0.23351593557282574,0.320889664681808
1456.0,0.5611538061744569,0.2811759020952052,0.06520376175548591,0.17107877574311087,0.17828159155064585,0.28653167553742986,0.23351593557282574,0.320889664681808
1458.0,0.5611538061744569,0.2811759020952052,0.06520376175548591,0.17107877574311087,0.17828159155064585,0.28653167553742986,0.23351593557282574,0.320889664681808
1496.0,0.555542268112712,0.2811759020952052,0.06520376175548591,0.17107877574311087,0.17828159155064585,0.28653167553742986,0.23351593557282574,0.320889664681808
1506.0,0.5499307300509677,0.2811759020952052,0.06520376175548591,0.17107877574311087,0.17828159155064585,0.28653167553742986,0.23351593557282574,0.29620584432166897
1527.0,0.544319191989223,0.2811759020952052,0.06520376175548591,0.17107877574311087,0.17828159155064585,0.28653167553742986,0.215553171297993,0.29620584432166897
1536.0,0.5387076539274783,0.26555501864547165,0.06520376175548591,0.14256564645259237,0.1426252732405167,0.28653167553742986,0.215553171297993,0.29620584432166897
1548.0,0.5330961158657338,0.24993413519573798,0.06520376175548591,0.14256564645259237,0.10696895493038751,0.28653167553742986,0.215553171297993,0.29620584432166897
1553.0,0.5274845778039893,0.24993413519573798,0.06520376175548591,0.14256564645259237,0.10696895493038751,0.26265403590931075,0.19759040702316027,0.29620584432166897
1576.0,0.5218730397422449,0.24993413519573798,0.06520376175548591,0.14256564645259237,0.10696895493038751,0.2387763962811916,0.19759040702316027,0.29620584432166897
1577.0,0.5162615016805002,0.24993413519573798,0.06520376175548591,0.14256564645259237,0.10696895493038751,0.2387763962811916,0.19759040702316027,0.29620584432166897
1579.0,0.5106499636187554,0.24993413519573798,0.06520376175548591,0.14256564645259237,0.10696895493038751,0.2387763962811916,0.17962764274832754,0.2715220239615299
1624.0,0.505038425557011,0.24993413519573798,0.06520376175548591,0.14256564645259237,0.10696895493038751,0.2387763962811916,0.17962764274832754,0.2715220239615299
1627.0,0.4994268874952663,0.24993413519573798,0.06520376175548591,0.14256564645259237,0.10696895493038751,0.2387763962811916,0.17962764274832754,0.2715220239615299
1671.0,0.49381534943352207,0.2343132517460044,0.06520376175548591,0.14256564645259237,0.10696895493038751,0.2387763962811916,0.17962764274832754,0.24683820360139083
1831.0,0.49381534943352207,0.2343132517460044,0.06520376175548591,0.14256564645259237,0.10696895493038751,0.2387763962811916,0.17962764274832754,0.24683820360139083
1836.0,0.49381534943352207,0.2343132517460044,0.06520376175548591,0.14256564645259237,0.10696895493038751,0.2387763962811916,0.17962764274832754,0.24683820360139083
1847.0,0.49381534943352207,0.2343132517460044,0.06520376175548591,0.14256564645259237,0.10696895493038751,0.2387763962811916,0.17962764274832754,0.24683820360139083
1854.0,0.49381534943352207,0.2343132517460044,0.06520376175548591,0.14256564645259237,0.10696895493038751,0.2387763962811916,0.17962764274832754,0.24683820360139083
1858.0,0.49381534943352207,0.2343132517460044,0.06520376175548591,0.14256564645259237,0.10696895493038751,0.2387763962811916,0.17962764274832754,0.24683820360139083
1863.0,0.49381534943352207,0.2343132517460044,0.06520376175548591,0.14256564645259237,0.10696895493038751,0.2387763962811916,0.17962764274832754,0.24683820360139083
1880.0,0.49381534943352207,0.2343132517460044,0.06520376175548591,0.14256564645259237,0.10696895493038751,0.2387763962811916,0.17962764274832754,0.24683820360139083
1883.0,0.49381534943352207,0.2343132517460044,0.06520376175548591,0.14256564645259237,0.10696895493038751,0.2387763962811916,0.17962764274832754,0.24683820360139083
1885.0,0.49381534943352207,0.2343132517460044,0.06520376175548591,0.14256564645259237,0.10696895493038751,0.2387763962811916,0.17962764274832754,0.24683820360139083
1887.0,0.49381534943352207,0.2343132517460044,0.06520376175548591,0.14256564645259237,0.10696895493038751,0.2387763962811916,0.17962764274832754,0.24683820360139083
1889.0,0.49381534943352207,0.2343132517460044,0.06520376175548591,0.14256564645259237,0.10696895493038751,0.2387763962811916,0.17962764274832754,0.24683820360139083
1893.0,0.49381534943352207,0.2343132517460044,0.06520376175548591,0.14256564645259237,0.10696895493038751,0.2387763962811916,0.17962764274832754,0.24683820360139083
1899.0,0.49381534943352207,0.2343132517460044,0.06520376175548591,0.14256564645259237,0.10696895493038751,0.2387763962811916,0.17962764274832754,0.24683820360139083
1904.0,0.49381534943352207,0.2343132517460044,0.06520376175548591,0.14256564645259237,0.10696895493038751,0.2387763962811916,0.17962764274832754,0.24683820360139083
1914.0,0.49381534943352207,0.2343132517460044,0.06520376175548591,0.14256564645259237,0.10696895493038751,0.2387763962811916,0.17962764274832754,0.24683820360139083
1919.0,0.49381534943352207,0.2343132517460044,0.06520376175548591,0.14256564645259237,0.10696895493038751,0.2387763962811916,0.17962764274832754,0.24683820360139083
1920.0,0.49381534943352207,0.2343132517460044,0.06520376175548591,0.14256564645259237,0.10696895493038751,0.2387763962811916,0.17962764274832754,0.24683820360139083
1923.0,0.49381534943352207,0.2343132517460044,0.06520376175548591,0.14256564645259237,0.10696895493038751,0.2387763962811916,0.17962764274832754,0.24683820360139083
1926.0,0.486444971083768,0.2343132517460044,0.06520376175548591,0.14256564645259237,0.10696895493038751,0.2387763962811916,0.1571741874047866,0.24683820360139083
1931.0,0.486444971083768,0.2343132517460044,0.06520376175548591,0.14256564645259237,0.10696895493038751,0.2387763962811916,0.1571741874047866,0.24683820360139083
1933.0,0.486444971083768,0.2343132517460044,0.06520376175548591,0.14256564645259237,0.10696895493038751,0.2387763962811916,0.1571741874047866,0.24683820360139083
1934.0,0.486444971083768,0.2343132517460044,0.06520376175548591,0.14256564645259237,0.10696895493038751,0.2387763962811916,0.1571741874047866,0.24683820360139083
1936.0,0.486444971083768,0.2343132517460044,0.06520376175548591,0.14256564645259237,0.10696895493038751,0.2387763962811916,0.1571741874047866,0.24683820360139083
1939.0,0.486444971083768,0.2343132517460044,0.06520376175548591,0.14256564645259237,0.10696895493038751,0.2387763962811916,0.1571741874047866,0.24683820360139083
1940.0,0.486444971083768,0.2343132517460044,0.06520376175548591,0.14256564645259237,0.10696895493038751,0.2387763962811916,0.1571741874047866,0.24683820360139083
1941.0,0.486444971083768,0.2343132517460044,0.06520376175548591,0.14256564645259237,0.10696895493038751,0.2387763962811916,0.1571741874047866,0.24683820360139083
1942.0,0.486444971083768,0.2343132517460044,0.06520376175548591,0.14256564645259237,0.10696895493038751,0.2387763962811916,0.1571741874047866,0.24683820360139083
1954.0,0.4779108487840529,0.2343132517460044,0.06520376175548591,0.14256564645259237,0.10696895493038751,0.2387763962811916,0.1571741874047866,0.24683820360139083
1955.0,0.4779108487840529,0.2343132517460044,0.06520376175548591,0.14256564645259237,0.10696895493038751,0.2387763962811916,0.1571741874047866,0.24683820360139083
1964.0,0.4779108487840529,0.2343132517460044,0.06520376175548591,0.14256564645259237,0.10696895493038751,0.2387763962811916,0.1571741874047866,0.24683820360139083
1969.0,0.4779108487840529,0.2343132517460044,0.06520376175548591,0.14256564645259237,0.10696895493038751,0.2387763962811916,0.1571741874047866,0.24683820360139083
1976.0,0.4779108487840529,0.2343132517460044,0.06520376175548591,0.14256564645259237,0.10696895493038751,0.2387763962811916,0.1571741874047866,0.24683820360139083
1977.0,0.4779108487840529,0.2343132517460044,0.06520376175548591,0.14256564645259237,0.10696895493038751,0.2387763962811916,0.1571741874047866,0.24683820360139083
1979.0,0.4779108487840529,0.2343132517460044,0.06520376175548591,0.14256564645259237,0.10696895493038751,0.2387763962811916,0.1571741874047866,0.24683820360139083
1993.0,0.4779108487840529,0.2343132517460044,0.06520376175548591,0.14256564645259237,0.10696895493038751,0.2387763962811916,0.1571741874047866,0.24683820360139083
1994.0,0.4779108487840529,0.2343132517460044,0.06520376175548591,0.14256564645259237,0.10696895493038751,0.2387763962811916,0.1571741874047866,0.24683820360139083
2006.0,0.4779108487840529,0.2343132517460044,0.06520376175548591,0.14256564645259237,0.10696895493038751,0.2387763962811916,0.1571741874047866,0.24683820360139083
2009.0,0.4779108487840529,0.2343132517460044,0.06520376175548591,0.14256564645259237,0.10696895493038751,0.2387763962811916,0.1571741874047866,0.24683820360139083
2025.0,0.4779108487840529,0.2343132517460044,0.06520376175548591,0.14256564645259237,0.10696895493038751,0.2387763962811916,0.1571741874047866,0.24683820360139083
2032.0,0.4779108487840529,0.2343132517460044,0.06520376175548591,0.14256564645259237,0.10696895493038751,0.2387763962811916,0.1571741874047866,0.24683820360139083
2048.0,0.4779108487840529,0.2343132517460044,0.06520376175548591,0.14256564645259237,0.10696895493038751,0.2387763962811916,0.1571741874047866,0.24683820360139083
2057.0,0.4779108487840529,0.2343132517460044,0.06520376175548591,0.14256564645259237,0.10696895493038751,0.2387763962811916,0.1571741874047866,0.24683820360139083
2061.0,0.4779108487840529,0.2343132517460044,0.06520376175548591,0.14256564645259237,0.10696895493038751,0.2387763962811916,0.1571741874047866,0.24683820360139083
2064.0,0.4779108487840529,0.2343132517460044,0.06520376175548591,0.14256564645259237,0.10696895493038751,0.2387763962811916,0.1571741874047866,0.24683820360139083
2065.0,0.4779108487840529,0.2343132517460044,0.06520376175548591,0.14256564645259237,0.10696895493038751,0.2387763962811916,0.1571741874047866,0.24683820360139083
2066.0,0.4779108487840529,0.2343132517460044,0.06520376175548591,0.14256564645259237,0.10696895493038751,0.2387763962811916,0.1571741874047866,0.24683820360139083
2083.0,0.4779108487840529,0.2343132517460044,0.06520376175548591,0.14256564645259237,0.10696895493038751,0.2387763962811916,0.1571741874047866,0.24683820360139083
2084.0,0.4779108487840529,0.2343132517460044,0.06520376175548591,0.14256564645259237,0.10696895493038751,0.2387763962811916,0.1571741874047866,0.24683820360139083
2086.0,0.4779108487840529,0.2343132517460044,0.06520376175548591,0.14256564645259237,0.10696895493038751,0.2387763962811916,0.1571741874047866,0.24683820360139083
2100.0,0.4779108487840529,0.2343132517460044,0.06520376175548591,0.14256564645259237,0.10696895493038751,0.2387763962811916,0.1571741874047866,0.24683820360139083
2108.0,0.4779108487840529,0.2343132517460044,0.06520376175548591,0.14256564645259237,0.10696895493038751,0.2387763962811916,0.1571741874047866,0.24683820360139083
2113.0,0.4779108487840529,0.2343132517460044,0.06520376175548591,0.14256564645259237,0.10696895493038751,0.2387763962811916,0.1571741874047866,0.24683820360139083
2114.0,0.4779108487840529,0.2343132517460044,0.06520376175548591,0.14256564645259237,0.10696895493038751,0.2387763962811916,0.1571741874047866,0.24683820360139083
2118.0,0.4779108487840529,0.2343132517460044,0.06520376175548591,0.14256564645259237,0.10696895493038751,0.2387763962811916,0.1571741874047866,0.24683820360139083
2122.0,0.4779108487840529,0.2343132517460044,0.06520376175548591,0.14256564645259237,0.10696895493038751,0.2387763962811916,0.1571741874047866,0.24683820360139083
2123.0,0.4779108487840529,0.2343132517460044,0.06520376175548591,0.14256564645259237,0.10696895493038751,0.2387763962811916,0.1571741874047866,0.24683820360139083
2125.0,0.4779108487840529,0.2343132517460044,0.06520376175548591,0.14256564645259237,0.10696895493038751,0.2387763962811916,0.1571741874047866,0.24683820360139083
2126.0,0.4779108487840529,0.2343132517460044,0.06520376175548591,0.14256564645259237,0.10696895493038751,0.2387763962811916,0.1571741874047866,0.24683820360139083
2131.0,0.4779108487840529,0.2343132517460044,0.06520376175548591,0.14256564645259237,0.10696895493038751,0.2387763962811916,0.1571741874047866,0.24683820360139083
2132.0,0.4779108487840529,0.2343132517460044,0.06520376175548591,0.14256564645259237,0.10696895493038751,0.2387763962811916,0.1571741874047866,0.24683820360139083
2139.0,0.4779108487840529,0.2343132517460044,0.06520376175548591,0.14256564645259237,0.10696895493038751,0.2387763962811916,0.1571741874047866,0.24683820360139083
2145.0,0.4779108487840529,0.2343132517460044,0.06520376175548591,0.14256564645259237,0.10696895493038751,0.2387763962811916,0.1571741874047866,0.24683820360139083
2146.0,0.4779108487840529,0.2343132517460044,0.06520376175548591,0.14256564645259237,0.10696895493038751,0.2387763962811916,0.1571741874047866,0.24683820360139083
2151.0,0.4779108487840529,0.2343132517460044,0.06520376175548591,0.14256564645259237,0.10696895493038751,0.2387763962811916,0.1571741874047866,0.24683820360139083
2152.0,0.4779108487840529,0.2343132517460044,0.06520376175548591,0.14256564645259237,0.10696895493038751,0.2387763962811916,0.1571741874047866,0.24683820360139083
2156.0,0.4779108487840529,0.2343132517460044,0.06520376175548591,0.14256564645259237,0.10696895493038751,0.2387763962811916,0.1571741874047866,0.24683820360139083
2160.0,0.4380849447187152,0.2343132517460044,0.06520376175548591,0.14256564645259237,0.10696895493038751,0.2387763962811916,0.0785870937023933,0.24683820360139083
2166.0,0.4380849447187152,0.2343132517460044,0.06520376175548591,0.14256564645259237,0.10696895493038751,0.2387763962811916,0.0785870937023933,0.24683820360139083
2168.0,0.4380849447187152,0.2343132517460044,0.06520376175548591,0.14256564645259237,0.10696895493038751,0.2387763962811916,0.0785870937023933,0.24683820360139083
2172.0,0.4380849447187152,0.2343132517460044,0.06520376175548591,0.14256564645259237,0.10696895493038751,0.2387763962811916,0.0785870937023933,0.24683820360139083
2173.0,0.4380849447187152,0.2343132517460044,0.06520376175548591,0.14256564645259237,0.10696895493038751,0.2387763962811916,0.0785870937023933,0.24683820360139083
2175.0,0.4380849447187152,0.2343132517460044,0.06520376175548591,0.14256564645259237,0.10696895493038751,0.2387763962811916,0.0785870937023933,0.24683820360139083
2178.0,0.4380849447187152,0.2343132517460044,0.06520376175548591,0.14256564645259237,0.10696895493038751,0.2387763962811916,0.0785870937023933,0.24683820360139083
2190.0,0.4380849447187152,0.2343132517460044,0.06520376175548591,0.14256564645259237,0.10696895493038751,0.2387763962811916,0.0785870937023933,0.24683820360139083
2192.0,0.4380849447187152,0.2343132517460044,0.06520376175548591,0.14256564645259237,0.10696895493038751,0.2387763962811916,0.0785870937023933,0.24683820360139083
2350.0,0.2920566298124767,0.11715662587300218,0.06520376175548591,0.14256564645259237,0.10696895493038751,0.2387763962811916,0.0785870937023933,0.24683820360139083
2353.0,0.14602831490623835,0.0,0.06520376175548591,0.14256564645259237,0.10696895493038751,0.2387763962811916,0.0785870937023933,0.12341910180069542
2358.0,0.0,0.0,0.06520376175548591,0.14256564645259237,0.10696895493038751,0.2387763962811916,0.0785870937023933,0.0
